,Company Name,Industry,Symbol,Series,ISIN Code
0,ABB India Ltd.,Capital Goods,ABB,EQ,INE117A01022
1,ACC Ltd.,Construction Materials,ACC,EQ,INE012A01025
2,APL Apollo Tubes Ltd.,Capital Goods,APLAPOLLO,EQ,INE702C01027
3,AU Small Finance Bank Ltd.,Financial Services,AUBANK,EQ,INE949L01017
4,Adani Energy Solutions Ltd.,Power,ADANIENSOL,EQ,INE931S01010
5,Adani Enterprises Ltd.,Metals & Mining,ADANIENT,EQ,INE423A01024
6,Adani Green Energy Ltd.,Power,ADANIGREEN,EQ,INE364U01010
7,Adani Ports and Special Economic Zone Ltd.,Services,ADANIPORTS,EQ,INE742F01042
8,Adani Power Ltd.,Power,ADANIPOWER,BE,INE814H01011
9,Adani Total Gas Ltd.,Oil Gas & Consumable Fuels,ATGL,EQ,INE399L01023
10,Adani Wilmar Ltd.,Fast Moving Consumer Goods,AWL,EQ,INE699H01024
11,Aditya Birla Capital Ltd.,Financial Services,ABCAPITAL,EQ,INE674K01013
12,Aditya Birla Fashion and Retail Ltd.,Consumer Services,ABFRL,EQ,INE647O01011
13,Alkem Laboratories Ltd.,Healthcare,ALKEM,EQ,INE540L01014
14,Ambuja Cements Ltd.,Construction Materials,AMBUJACEM,EQ,INE079A01024
15,Apollo Hospitals Enterprise Ltd.,Healthcare,APOLLOHOSP,EQ,INE437A01024
16,Apollo Tyres Ltd.,Automobile and Auto Components,APOLLOTYRE,EQ,INE438A01022
17,Ashok Leyland Ltd.,Capital Goods,ASHOKLEY,EQ,INE208A01029
18,Asian Paints Ltd.,Consumer Durables,ASIANPAINT,EQ,INE021A01026
19,Astral Ltd.,Capital Goods,ASTRAL,EQ,INE006I01046
20,Aurobindo Pharma Ltd.,Healthcare,AUROPHARMA,EQ,INE406A01037
21,Avenue Supermarts Ltd.,Consumer Services,DMART,EQ,INE192R01011
22,Axis Bank Ltd.,Financial Services,AXISBANK,EQ,INE238A01034
23,Bajaj Auto Ltd.,Automobile and Auto Components,BAJAJ-AUTO,EQ,INE917I01010
24,Bajaj Finance Ltd.,Financial Services,BAJFINANCE,EQ,INE296A01024
25,Bajaj Finserv Ltd.,Financial Services,BAJAJFINSV,EQ,INE918I01026
26,Bajaj Holdings & Investment Ltd.,Financial Services,BAJAJHLDNG,EQ,INE118A01012
27,Balkrishna Industries Ltd.,Automobile and Auto Components,BALKRISIND,EQ,INE787D01026
28,Bandhan Bank Ltd.,Financial Services,BANDHANBNK,EQ,INE545U01014
29,Bank of Baroda,Financial Services,BANKBARODA,EQ,INE028A01039
30,Bank of India,Financial Services,BANKINDIA,EQ,INE084A01016
31,Bata India Ltd.,Consumer Durables,BATAINDIA,EQ,INE176A01028
32,Berger Paints India Ltd.,Consumer Durables,BERGEPAINT,EQ,INE463A01038
33,Bharat Dynamics Ltd.,Capital Goods,BDL,EQ,INE171Z01018
34,Bharat Electronics Ltd.,Capital Goods,BEL,EQ,INE263A01024
35,Bharat Forge Ltd.,Capital Goods,BHARATFORG,EQ,INE465A01025
36,Bharat Heavy Electricals Ltd.,Capital Goods,BHEL,EQ,INE257A01026
37,Bharat Petroleum Corporation Ltd.,Oil Gas & Consumable Fuels,BPCL,EQ,INE029A01011
38,Bharti Airtel Ltd.,Telecommunication,BHARTIARTL,EQ,INE397D01024
39,Biocon Ltd.,Healthcare,BIOCON,EQ,INE376G01013
40,Bosch Ltd.,Automobile and Auto Components,BOSCHLTD,EQ,INE323A01026
41,Britannia Industries Ltd.,Fast Moving Consumer Goods,BRITANNIA,EQ,INE216A01030
42,CG Power and Industrial Solutions Ltd.,Capital Goods,CGPOWER,EQ,INE067A01029
43,Canara Bank,Financial Services,CANBK,EQ,INE476A01014
44,Cholamandalam Investment and Finance Company Ltd.,Financial Services,CHOLAFIN,EQ,INE121A01024
45,Cipla Ltd.,Healthcare,CIPLA,EQ,INE059A01026
46,Coal India Ltd.,Oil Gas & Consumable Fuels,COALINDIA,EQ,INE522F01014
47,Coforge Ltd.,Information Technology,COFORGE,EQ,INE591G01017
48,Colgate Palmolive (India) Ltd.,Fast Moving Consumer Goods,COLPAL,EQ,INE259A01022
49,Container Corporation of India Ltd.,Services,CONCOR,EQ,INE111A01025
50,Coromandel International Ltd.,Chemicals,COROMANDEL,EQ,INE169A01031
51,Crompton Greaves Consumer Electricals Ltd.,Consumer Durables,CROMPTON,EQ,INE299U01018
52,Cummins India Ltd.,Capital Goods,CUMMINSIND,EQ,INE298A01020
53,DLF Ltd.,Realty,DLF,EQ,INE271C01023
54,Dabur India Ltd.,Fast Moving Consumer Goods,DABUR,EQ,INE016A01026
55,Dalmia Bharat Ltd.,Construction Materials,DALBHARAT,EQ,INE00R701025
56,Deepak Nitrite Ltd.,Chemicals,DEEPAKNTR,EQ,INE288B01029
57,Delhivery Ltd.,Services,DELHIVERY,EQ,INE148O01028
58,Devyani International Ltd.,Consumer Services,DEVYANI,EQ,INE872J01023
59,Divi's Laboratories Ltd.,Healthcare,DIVISLAB,EQ,INE361B01024
60,Dixon Technologies (India) Ltd.,Consumer Durables,DIXON,EQ,INE935N01020
61,Dr. Lal Path Labs Ltd.,Healthcare,LALPATHLAB,EQ,INE600L01024
62,Dr. Reddy's Laboratories Ltd.,Healthcare,DRREDDY,EQ,INE089A01023
63,Eicher Motors Ltd.,Automobile and Auto Components,EICHERMOT,EQ,INE066A01021
64,Escorts Kubota Ltd.,Capital Goods,ESCORTS,EQ,INE042A01014
65,FSN E-Commerce Ventures Ltd.,Consumer Services,NYKAA,EQ,INE388Y01029
66,Federal Bank Ltd.,Financial Services,FEDERALBNK,EQ,INE171A01029
67,Fertilisers and Chemicals Travancore Ltd.,Chemicals,FACT,EQ,INE188A01015
68,Fortis Healthcare Ltd.,Healthcare,FORTIS,EQ,INE061F01013
69,GAIL (India) Ltd.,Oil Gas & Consumable Fuels,GAIL,EQ,INE129A01019
70,Gland Pharma Ltd.,Healthcare,GLAND,EQ,INE068V01023
71,Godrej Consumer Products Ltd.,Fast Moving Consumer Goods,GODREJCP,EQ,INE102D01028
72,Godrej Properties Ltd.,Realty,GODREJPROP,EQ,INE484J01027
73,Grasim Industries Ltd.,Construction Materials,GRASIM,EQ,INE047A01021
74,Gujarat Fluorochemicals Ltd.,Chemicals,FLUOROCHEM,EQ,INE09N301011
75,Gujarat Gas Ltd.,Oil Gas & Consumable Fuels,GUJGASLTD,EQ,INE844O01030
76,HCL Technologies Ltd.,Information Technology,HCLTECH,EQ,INE860A01027
77,HDFC Asset Management Company Ltd.,Financial Services,HDFCAMC,EQ,INE127D01025
78,HDFC Bank Ltd.,Financial Services,HDFCBANK,EQ,INE040A01034
79,HDFC Life Insurance Company Ltd.,Financial Services,HDFCLIFE,EQ,INE795G01014
80,Havells India Ltd.,Consumer Durables,HAVELLS,EQ,INE176B01034
81,Hero MotoCorp Ltd.,Automobile and Auto Components,HEROMOTOCO,EQ,INE158A01026
82,Hindalco Industries Ltd.,Metals & Mining,HINDALCO,EQ,INE038A01020
83,Hindustan Aeronautics Ltd.,Capital Goods,HAL,EQ,INE066F01020
84,Hindustan Petroleum Corporation Ltd.,Oil Gas & Consumable Fuels,HINDPETRO,EQ,INE094A01015
85,Hindustan Unilever Ltd.,Fast Moving Consumer Goods,HINDUNILVR,EQ,INE030A01027
86,ICICI Bank Ltd.,Financial Services,ICICIBANK,EQ,INE090A01021
87,ICICI Lombard General Insurance Company Ltd.,Financial Services,ICICIGI,EQ,INE765G01017
88,ICICI Prudential Life Insurance Company Ltd.,Financial Services,ICICIPRULI,EQ,INE726G01019
89,IDFC First Bank Ltd.,Financial Services,IDFCFIRSTB,EQ,INE092T01019
90,ITC Ltd.,Fast Moving Consumer Goods,ITC,EQ,INE154A01025
91,Indian Bank,Financial Services,INDIANB,EQ,INE562A01011
92,Indian Hotels Co. Ltd.,Consumer Services,INDHOTEL,EQ,INE053A01029
93,Indian Oil Corporation Ltd.,Oil Gas & Consumable Fuels,IOC,EQ,INE242A01010
94,Indian Railway Catering And Tourism Corporation Ltd.,Consumer Services,IRCTC,EQ,INE335Y01020
95,Indian Railway Finance Corporation Ltd.,Financial Services,IRFC,EQ,INE053F01010
96,Indraprastha Gas Ltd.,Oil Gas & Consumable Fuels,IGL,EQ,INE203G01027
97,Indus Towers Ltd.,Telecommunication,INDUSTOWER,EQ,INE121J01017
98,IndusInd Bank Ltd.,Financial Services,INDUSINDBK,EQ,INE095A01012
99,Info Edge (India) Ltd.,Consumer Services,NAUKRI,EQ,INE663F01024
100,Infosys Ltd.,Information Technology,INFY,EQ,INE009A01021
101,InterGlobe Aviation Ltd.,Services,INDIGO,EQ,INE646L01027
102,Ipca Laboratories Ltd.,Healthcare,IPCALAB,EQ,INE571A01038
103,JSW Energy Ltd.,Power,JSWENERGY,EQ,INE121E01018
104,JSW Steel Ltd.,Metals & Mining,JSWSTEEL,EQ,INE019A01038
105,Jindal Steel & Power Ltd.,Metals & Mining,JINDALSTEL,EQ,INE749A01030
106,Jubilant Foodworks Ltd.,Consumer Services,JUBLFOOD,EQ,INE797F01020
107,KPIT Technologies Ltd.,Information Technology,KPITTECH,EQ,INE04I401011
108,Kotak Mahindra Bank Ltd.,Financial Services,KOTAKBANK,EQ,INE237A01028
109,L&T Finance Holdings Ltd.,Financial Services,L&TFH,EQ,INE498L01015
110,L&T Technology Services Ltd.,Information Technology,LTTS,EQ,INE010V01017
111,LIC Housing Finance Ltd.,Financial Services,LICHSGFIN,EQ,INE115A01026
112,LTIMindtree Ltd.,Information Technology,LTIM,EQ,INE214T01019
113,Larsen & Toubro Ltd.,Construction,LT,EQ,INE018A01030
114,Laurus Labs Ltd.,Healthcare,LAURUSLABS,EQ,INE947Q01028
115,Life Insurance Corporation of India,Financial Services,LICI,EQ,INE0J1Y01017
116,Lupin Ltd.,Healthcare,LUPIN,EQ,INE326A01037
117,MRF Ltd.,Automobile and Auto Components,MRF,EQ,INE883A01011
118,Macrotech Developers Ltd.,Realty,LODHA,EQ,INE670K01029
119,Mahindra & Mahindra Financial Services Ltd.,Financial Services,M&MFIN,EQ,INE774D01024
120,Mahindra & Mahindra Ltd.,Automobile and Auto Components,M&M,EQ,INE101A01026
121,Mankind Pharma Ltd.,Healthcare,MANKIND,EQ,INE634S01028
122,Marico Ltd.,Fast Moving Consumer Goods,MARICO,EQ,INE196A01026
123,Maruti Suzuki India Ltd.,Automobile and Auto Components,MARUTI,EQ,INE585B01010
124,Max Financial Services Ltd.,Financial Services,MFSL,EQ,INE180A01020
125,Max Healthcare Institute Ltd.,Healthcare,MAXHEALTH,EQ,INE027H01010
126,Mazagoan Dock Shipbuilders Ltd.,Capital Goods,MAZDOCK,EQ,INE249Z01012
127,Motherson Sumi Wiring India Ltd.,Automobile and Auto Components,MSUMI,EQ,INE0FS801015
128,MphasiS Ltd.,Information Technology,MPHASIS,EQ,INE356A01018
129,Muthoot Finance Ltd.,Financial Services,MUTHOOTFIN,EQ,INE414G01012
130,NHPC Ltd.,Power,NHPC,EQ,INE848E01016
131,NMDC Ltd.,Metals & Mining,NMDC,EQ,INE584A01023
132,NTPC Ltd.,Power,NTPC,EQ,INE733E01010
133,Navin Fluorine International Ltd.,Chemicals,NAVINFLUOR,EQ,INE048G01026
134,Nestle India Ltd.,Fast Moving Consumer Goods,NESTLEIND,EQ,INE239A01024
135,Oberoi Realty Ltd.,Realty,OBEROIRLTY,EQ,INE093I01010
136,Oil & Natural Gas Corporation Ltd.,Oil Gas & Consumable Fuels,ONGC,EQ,INE213A01029
137,Oil India Ltd.,Oil Gas & Consumable Fuels,OIL,EQ,INE274J01014
138,One 97 Communications Ltd.,Financial Services,PAYTM,EQ,INE982J01020
139,PB Fintech Ltd.,Financial Services,POLICYBZR,EQ,INE417T01026
140,PI Industries Ltd.,Chemicals,PIIND,EQ,INE603J01030
141,Page Industries Ltd.,Textiles,PAGEIND,EQ,INE761H01022
142,Patanjali Foods Ltd.,Fast Moving Consumer Goods,PATANJALI,EQ,INE619A01035
143,Persistent Systems Ltd.,Information Technology,PERSISTENT,EQ,INE262H01013
144,Petronet LNG Ltd.,Oil Gas & Consumable Fuels,PETRONET,EQ,INE347G01014
145,Pidilite Industries Ltd.,Chemicals,PIDILITIND,EQ,INE318A01026
146,Piramal Enterprises Ltd.,Financial Services,PEL,EQ,INE140A01024
147,Polycab India Ltd.,Capital Goods,POLYCAB,EQ,INE455K01017
148,Poonawalla Fincorp Ltd.,Financial Services,POONAWALLA,EQ,INE511C01022
149,Power Finance Corporation Ltd.,Financial Services,PFC,EQ,INE134E01011
150,Power Grid Corporation of India Ltd.,Power,POWERGRID,EQ,INE752E01010
151,Prestige Estates Projects Ltd.,Realty,PRESTIGE,EQ,INE811K01011
152,Procter & Gamble Hygiene & Health Care Ltd.,Fast Moving Consumer Goods,PGHH,EQ,INE179A01014
153,Punjab National Bank,Financial Services,PNB,EQ,INE160A01022
154,REC Ltd.,Financial Services,RECLTD,EQ,INE020B01018
155,Rail Vikas Nigam Ltd.,Construction,RVNL,EQ,INE415G01027
156,Reliance Industries Ltd.,Oil Gas & Consumable Fuels,RELIANCE,EQ,INE002A01018
157,SBI Cards and Payment Services Ltd.,Financial Services,SBICARD,EQ,INE018E01016
158,SBI Life Insurance Company Ltd.,Financial Services,SBILIFE,EQ,INE123W01016
159,SRF Ltd.,Chemicals,SRF,EQ,INE647A01010
160,Samvardhana Motherson International Ltd.,Automobile and Auto Components,MOTHERSON,EQ,INE775A01035
161,Shree Cement Ltd.,Construction Materials,SHREECEM,EQ,INE070A01015
162,Shriram Finance Ltd.,Financial Services,SHRIRAMFIN,EQ,INE721A01013
163,Siemens Ltd.,Capital Goods,SIEMENS,EQ,INE003A01024
164,Sona BLW Precision Forgings Ltd.,Automobile and Auto Components,SONACOMS,EQ,INE073K01018
165,State Bank of India,Financial Services,SBIN,EQ,INE062A01020
166,Steel Authority of India Ltd.,Metals & Mining,SAIL,EQ,INE114A01011
167,Sun Pharmaceutical Industries Ltd.,Healthcare,SUNPHARMA,EQ,INE044A01036
168,Sun TV Network Ltd.,Media Entertainment & Publication,SUNTV,EQ,INE424H01027
169,Syngene International Ltd.,Healthcare,SYNGENE,EQ,INE398R01022
170,TVS Motor Company Ltd.,Automobile and Auto Components,TVSMOTOR,EQ,INE494B01023
171,Tata Chemicals Ltd.,Chemicals,TATACHEM,EQ,INE092A01019
172,Tata Communications Ltd.,Telecommunication,TATACOMM,EQ,INE151A01013
173,Tata Consultancy Services Ltd.,Information Technology,TCS,EQ,INE467B01029
174,Tata Consumer Products Ltd.,Fast Moving Consumer Goods,TATACONSUM,EQ,INE192A01025
175,Tata Elxsi Ltd.,Information Technology,TATAELXSI,EQ,INE670A01012
176,Tata Motors Ltd DVR,Automobile and Auto Components,TATAMTRDVR,EQ,IN9155A01020
177,Tata Motors Ltd.,Automobile and Auto Components,TATAMOTORS,EQ,INE155A01022
178,Tata Power Co. Ltd.,Power,TATAPOWER,EQ,INE245A01021
179,Tata Steel Ltd.,Metals & Mining,TATASTEEL,EQ,INE081A01020
180,Tech Mahindra Ltd.,Information Technology,TECHM,EQ,INE669C01036
181,The Ramco Cements Ltd.,Construction Materials,RAMCOCEM,EQ,INE331A01037
182,Titan Company Ltd.,Consumer Durables,TITAN,EQ,INE280A01028
183,Torrent Pharmaceuticals Ltd.,Healthcare,TORNTPHARM,EQ,INE685A01028
184,Torrent Power Ltd.,Power,TORNTPOWER,EQ,INE813H01021
185,Trent Ltd.,Consumer Services,TRENT,EQ,INE849A01020
186,Tube Investments of India Ltd.,Automobile and Auto Components,TIINDIA,EQ,INE974X01010
187,UPL Ltd.,Chemicals,UPL,EQ,INE628A01036
188,UltraTech Cement Ltd.,Construction Materials,ULTRACEMCO,EQ,INE481G01011
189,Union Bank of India,Financial Services,UNIONBANK,EQ,INE692A01016
190,United Breweries Ltd.,Fast Moving Consumer Goods,UBL,EQ,INE686F01025
191,United Spirits Ltd.,Fast Moving Consumer Goods,MCDOWELL-N,EQ,INE854D01024
192,Varun Beverages Ltd.,Fast Moving Consumer Goods,VBL,EQ,INE200M01021
193,Vedanta Ltd.,Metals & Mining,VEDL,EQ,INE205A01025
194,Vodafone Idea Ltd.,Telecommunication,IDEA,EQ,INE669E01016
195,Voltas Ltd.,Consumer Durables,VOLTAS,EQ,INE226A01021
196,Wipro Ltd.,Information Technology,WIPRO,EQ,INE075A01022
197,Yes Bank Ltd.,Financial Services,YESBANK,EQ,INE528G01035
198,Zee Entertainment Enterprises Ltd.,Media Entertainment & Publication,ZEEL,EQ,INE256A01028
199,Zomato Ltd.,Consumer Services,ZOMATO,EQ,INE758T01015
200,Zydus Lifesciences Ltd.,Healthcare,ZYDUSLIFE,EQ,INE010B01027
