,Company Name,Industry,Symbol,Series,ISIN Code
0,360 ONE WAM Ltd.,Financial Services,360ONE,EQ,INE466L01038
1,3M India Ltd.,Diversified,3MINDIA,EQ,INE470A01017
2,ABB India Ltd.,Capital Goods,ABB,EQ,INE117A01022
3,ACC Ltd.,Construction Materials,ACC,EQ,INE012A01025
4,AIA Engineering Ltd.,Capital Goods,AIAENG,EQ,INE212H01026
5,APL Apollo Tubes Ltd.,Capital Goods,APLAPOLLO,EQ,INE702C01027
6,AU Small Finance Bank Ltd.,Financial Services,AUBANK,EQ,INE949L01017
7,Aarti Drugs Ltd.,Healthcare,AARTIDRUGS,EQ,INE767A01016
8,Aarti Industries Ltd.,Chemicals,AARTIIND,EQ,INE769A01020
9,Aavas Financiers Ltd.,Financial Services,AAVAS,EQ,INE216P01012
10,Abbott India Ltd.,Healthcare,ABBOTINDIA,EQ,INE358A01014
11,Adani Energy Solutions Ltd.,Power,ADANIENSOL,EQ,INE931S01010
12,Adani Enterprises Ltd.,Metals & Mining,ADANIENT,EQ,INE423A01024
13,Adani Green Energy Ltd.,Power,ADANIGREEN,EQ,INE364U01010
14,Adani Ports and Special Economic Zone Ltd.,Services,ADANIPORTS,EQ,INE742F01042
15,Adani Power Ltd.,Power,ADANIPOWER,BE,INE814H01011
16,Adani Total Gas Ltd.,Oil Gas & Consumable Fuels,ATGL,EQ,INE399L01023
17,Adani Wilmar Ltd.,Fast Moving Consumer Goods,AWL,EQ,INE699H01024
18,Aditya Birla Capital Ltd.,Financial Services,ABCAPITAL,EQ,INE674K01013
19,Aditya Birla Fashion and Retail Ltd.,Consumer Services,ABFRL,EQ,INE647O01011
20,Aegis Logistics Ltd.,Oil Gas & Consumable Fuels,AEGISCHEM,EQ,INE208C01025
21,Aether Industries Ltd.,Chemicals,AETHER,EQ,INE0BWX01014
22,Affle (India) Ltd.,Information Technology,AFFLE,EQ,INE00WC01027
23,Ajanta Pharmaceuticals Ltd.,Healthcare,AJANTPHARM,EQ,INE031B01049
24,Alembic Pharmaceuticals Ltd.,Healthcare,APLLTD,EQ,INE901L01018
25,Alkem Laboratories Ltd.,Healthcare,ALKEM,EQ,INE540L01014
26,Alkyl Amines Chemicals Ltd.,Chemicals,ALKYLAMINE,EQ,INE150B01039
27,Allcargo Logistics Ltd.,Services,ALLCARGO,EQ,INE418H01029
28,Alok Industries Ltd.,Textiles,ALOKINDS,BE,INE270A01029
29,Amara Raja Energy & Mobility Ltd.,Automobile and Auto Components,ARE&M,EQ,INE885A01032
30,Amber Enterprises India Ltd.,Consumer Durables,AMBER,EQ,INE371P01015
31,Ambuja Cements Ltd.,Construction Materials,AMBUJACEM,EQ,INE079A01024
32,Angel One Ltd.,Financial Services,ANGELONE,EQ,INE732I01013
33,Anupam Rasayan India Ltd.,Chemicals,ANURAS,EQ,INE930P01018
34,Apar Industries Ltd.,Capital Goods,APARINDS,EQ,INE372A01015
35,Apollo Hospitals Enterprise Ltd.,Healthcare,APOLLOHOSP,EQ,INE437A01024
36,Apollo Tyres Ltd.,Automobile and Auto Components,APOLLOTYRE,EQ,INE438A01022
37,Aptus Value Housing Finance India Ltd.,Financial Services,APTUS,EQ,INE852O01025
38,Archean Chemical Industries Ltd.,Chemicals,ACI,EQ,INE128X01021
39,Asahi India Glass Ltd.,Automobile and Auto Components,ASAHIINDIA,EQ,INE439A01020
40,Ashok Leyland Ltd.,Capital Goods,ASHOKLEY,EQ,INE208A01029
41,Asian Paints Ltd.,Consumer Durables,ASIANPAINT,EQ,INE021A01026
42,Aster DM Healthcare Ltd.,Healthcare,ASTERDM,EQ,INE914M01019
43,Astral Ltd.,Capital Goods,ASTRAL,EQ,INE006I01046
44,Atul Ltd.,Chemicals,ATUL,EQ,INE100A01010
45,Aurobindo Pharma Ltd.,Healthcare,AUROPHARMA,EQ,INE406A01037
46,Avanti Feeds Ltd.,Fast Moving Consumer Goods,AVANTIFEED,EQ,INE871C01038
47,Avenue Supermarts Ltd.,Consumer Services,DMART,EQ,INE192R01011
48,Axis Bank Ltd.,Financial Services,AXISBANK,EQ,INE238A01034
49,BEML Ltd.,Capital Goods,BEML,EQ,INE258A01016
50,BLS International Services Ltd.,Consumer Services,BLS,EQ,INE153T01027
51,BSE Ltd.,Financial Services,BSE,EQ,INE118H01025
52,Bajaj Auto Ltd.,Automobile and Auto Components,BAJAJ-AUTO,EQ,INE917I01010
53,Bajaj Finance Ltd.,Financial Services,BAJFINANCE,EQ,INE296A01024
54,Bajaj Finserv Ltd.,Financial Services,BAJAJFINSV,EQ,INE918I01026
55,Bajaj Holdings & Investment Ltd.,Financial Services,BAJAJHLDNG,EQ,INE118A01012
56,Balaji Amines Ltd.,Chemicals,BALAMINES,EQ,INE050E01027
57,Balkrishna Industries Ltd.,Automobile and Auto Components,BALKRISIND,EQ,INE787D01026
58,Balrampur Chini Mills Ltd.,Fast Moving Consumer Goods,BALRAMCHIN,EQ,INE119A01028
59,Bandhan Bank Ltd.,Financial Services,BANDHANBNK,EQ,INE545U01014
60,Bank of Baroda,Financial Services,BANKBARODA,EQ,INE028A01039
61,Bank of India,Financial Services,BANKINDIA,EQ,INE084A01016
62,Bank of Maharashtra,Financial Services,MAHABANK,EQ,INE457A01014
63,Bata India Ltd.,Consumer Durables,BATAINDIA,EQ,INE176A01028
64,Bayer Cropscience Ltd.,Chemicals,BAYERCROP,EQ,INE462A01022
65,Berger Paints India Ltd.,Consumer Durables,BERGEPAINT,EQ,INE463A01038
66,Bharat Dynamics Ltd.,Capital Goods,BDL,EQ,INE171Z01018
67,Bharat Electronics Ltd.,Capital Goods,BEL,EQ,INE263A01024
68,Bharat Forge Ltd.,Capital Goods,BHARATFORG,EQ,INE465A01025
69,Bharat Heavy Electricals Ltd.,Capital Goods,BHEL,EQ,INE257A01026
70,Bharat Petroleum Corporation Ltd.,Oil Gas & Consumable Fuels,BPCL,EQ,INE029A01011
71,Bharti Airtel Ltd.,Telecommunication,BHARTIARTL,EQ,INE397D01024
72,Bikaji Foods International Ltd.,Fast Moving Consumer Goods,BIKAJI,EQ,INE00E101023
73,Biocon Ltd.,Healthcare,BIOCON,EQ,INE376G01013
74,Birla Corporation Ltd.,Construction Materials,BIRLACORPN,EQ,INE340A01012
75,Birlasoft Ltd.,Information Technology,BSOFT,EQ,INE836A01035
76,Blue Dart Express Ltd.,Services,BLUEDART,EQ,INE233B01017
77,Blue Star Ltd.,Consumer Durables,BLUESTARCO,EQ,INE472A01039
78,Bombay Burmah Trading Corporation Ltd.,Fast Moving Consumer Goods,BBTC,EQ,INE050A01025
79,Borosil Renewables Ltd.,Capital Goods,BORORENEW,EQ,INE666D01022
80,Bosch Ltd.,Automobile and Auto Components,BOSCHLTD,EQ,INE323A01026
81,Brigade Enterprises Ltd.,Realty,BRIGADE,EQ,INE791I01019
82,Brightcom Group Ltd.,Information Technology,BCG,EQ,INE425B01027
83,Britannia Industries Ltd.,Fast Moving Consumer Goods,BRITANNIA,EQ,INE216A01030
84,C.E. Info Systems Ltd.,Information Technology,MAPMYINDIA,EQ,INE0BV301023
85,CCL Products (I) Ltd.,Fast Moving Consumer Goods,CCL,EQ,INE421D01022
86,CESC Ltd.,Power,CESC,EQ,INE486A01021
87,CG Power and Industrial Solutions Ltd.,Capital Goods,CGPOWER,EQ,INE067A01029
88,CIE Automotive India Ltd.,Automobile and Auto Components,CIEINDIA,EQ,INE536H01010
89,CRISIL Ltd.,Financial Services,CRISIL,EQ,INE007A01025
90,CSB Bank Ltd.,Financial Services,CSBBANK,EQ,INE679A01013
91,Campus Activewear Ltd.,Consumer Durables,CAMPUS,EQ,INE278Y01022
92,Can Fin Homes Ltd.,Financial Services,CANFINHOME,EQ,INE477A01020
93,Canara Bank,Financial Services,CANBK,EQ,INE476A01014
94,Capri Global Capital Ltd.,Financial Services,CGCL,EQ,INE180C01026
95,Carborundum Universal Ltd.,Capital Goods,CARBORUNIV,EQ,INE120A01034
96,Castrol India Ltd.,Oil Gas & Consumable Fuels,CASTROLIND,EQ,INE172A01027
97,Ceat Ltd.,Automobile and Auto Components,CEATLTD,EQ,INE482A01020
98,Central Bank of India,Financial Services,CENTRALBK,EQ,INE483A01010
99,Central Depository Services (India) Ltd.,Financial Services,CDSL,EQ,INE736A01011
100,Century Plyboards (India) Ltd.,Consumer Durables,CENTURYPLY,EQ,INE348B01021
101,Century Textile & Industries Ltd.,Forest Materials,CENTURYTEX,EQ,INE055A01016
102,Cera Sanitaryware Ltd,Consumer Durables,CERA,EQ,INE739E01017
103,Chalet Hotels Ltd.,Consumer Services,CHALET,EQ,INE427F01016
104,Chambal Fertilizers & Chemicals Ltd.,Chemicals,CHAMBLFERT,EQ,INE085A01013
105,Chemplast Sanmar Ltd.,Chemicals,CHEMPLASTS,EQ,INE488A01050
106,Cholamandalam Financial Holdings Ltd.,Financial Services,CHOLAHLDNG,EQ,INE149A01033
107,Cholamandalam Investment and Finance Company Ltd.,Financial Services,CHOLAFIN,EQ,INE121A01024
108,Cipla Ltd.,Healthcare,CIPLA,EQ,INE059A01026
109,City Union Bank Ltd.,Financial Services,CUB,EQ,INE491A01021
110,Clean Science and Technology Ltd.,Chemicals,CLEAN,EQ,INE227W01023
111,Coal India Ltd.,Oil Gas & Consumable Fuels,COALINDIA,EQ,INE522F01014
112,Cochin Shipyard Ltd.,Capital Goods,COCHINSHIP,EQ,INE704P01025
113,Coforge Ltd.,Information Technology,COFORGE,EQ,INE591G01017
114,Colgate Palmolive (India) Ltd.,Fast Moving Consumer Goods,COLPAL,EQ,INE259A01022
115,Computer Age Management Services Ltd.,Financial Services,CAMS,EQ,INE596I01012
116,Concord Biotech Ltd.,Healthcare,CONCORDBIO,EQ,INE338H01029
117,Container Corporation of India Ltd.,Services,CONCOR,EQ,INE111A01025
118,Coromandel International Ltd.,Chemicals,COROMANDEL,EQ,INE169A01031
119,Craftsman Automation Ltd.,Automobile and Auto Components,CRAFTSMAN,EQ,INE00LO01017
120,CreditAccess Grameen Ltd.,Financial Services,CREDITACC,EQ,INE741K01010
121,Crompton Greaves Consumer Electricals Ltd.,Consumer Durables,CROMPTON,EQ,INE299U01018
122,Cummins India Ltd.,Capital Goods,CUMMINSIND,EQ,INE298A01020
123,Cyient Ltd.,Information Technology,CYIENT,EQ,INE136B01020
124,DCM Shriram Ltd.,Diversified,DCMSHRIRAM,EQ,INE499A01024
125,DLF Ltd.,Realty,DLF,EQ,INE271C01023
126,Dabur India Ltd.,Fast Moving Consumer Goods,DABUR,EQ,INE016A01026
127,Dalmia Bharat Ltd.,Construction Materials,DALBHARAT,EQ,INE00R701025
128,Data Patterns (India) Ltd.,Capital Goods,DATAPATTNS,EQ,INE0IX101010
129,Deepak Fertilisers & Petrochemicals Corp. Ltd.,Chemicals,DEEPAKFERT,EQ,INE501A01019
130,Deepak Nitrite Ltd.,Chemicals,DEEPAKNTR,EQ,INE288B01029
131,Delhivery Ltd.,Services,DELHIVERY,EQ,INE148O01028
132,Delta Corp Ltd.,Consumer Services,DELTACORP,EQ,INE124G01033
133,Devyani International Ltd.,Consumer Services,DEVYANI,EQ,INE872J01023
134,Divi's Laboratories Ltd.,Healthcare,DIVISLAB,EQ,INE361B01024
135,Dixon Technologies (India) Ltd.,Consumer Durables,DIXON,EQ,INE935N01020
136,Dr. Lal Path Labs Ltd.,Healthcare,LALPATHLAB,EQ,INE600L01024
137,Dr. Reddy's Laboratories Ltd.,Healthcare,DRREDDY,EQ,INE089A01023
138,E.I.D. Parry (India) Ltd.,Chemicals,EIDPARRY,EQ,INE126A01031
139,EIH Ltd.,Consumer Services,EIHOTEL,EQ,INE230A01023
140,EPL Ltd.,Capital Goods,EPL,EQ,INE255A01020
141,Easy Trip Planners Ltd.,Consumer Services,EASEMYTRIP,EQ,INE07O001026
142,Eicher Motors Ltd.,Automobile and Auto Components,EICHERMOT,EQ,INE066A01021
143,Elgi Equipments Ltd.,Capital Goods,ELGIEQUIP,EQ,INE285A01027
144,Emami Ltd.,Fast Moving Consumer Goods,EMAMILTD,EQ,INE548C01032
145,Endurance Technologies Ltd.,Automobile and Auto Components,ENDURANCE,EQ,INE913H01037
146,Engineers India Ltd.,Construction,ENGINERSIN,EQ,INE510A01028
147,Epigral Ltd.,Chemicals,EPIGRAL,EQ,INE071N01016
148,Equitas Small Finance Bank Ltd.,Financial Services,EQUITASBNK,EQ,INE063P01018
149,Eris Lifesciences Ltd.,Healthcare,ERIS,EQ,INE406M01024
150,Escorts Kubota Ltd.,Capital Goods,ESCORTS,EQ,INE042A01014
151,Exide Industries Ltd.,Automobile and Auto Components,EXIDEIND,EQ,INE302A01020
152,FDC Ltd.,Healthcare,FDC,EQ,INE258B01022
153,FSN E-Commerce Ventures Ltd.,Consumer Services,NYKAA,EQ,INE388Y01029
154,Federal Bank Ltd.,Financial Services,FEDERALBNK,EQ,INE171A01029
155,Fertilisers and Chemicals Travancore Ltd.,Chemicals,FACT,EQ,INE188A01015
156,Fine Organic Industries Ltd.,Chemicals,FINEORG,EQ,INE686Y01026
157,Finolex Cables Ltd.,Capital Goods,FINCABLES,EQ,INE235A01022
158,Finolex Industries Ltd.,Capital Goods,FINPIPE,EQ,INE183A01024
159,Firstsource Solutions Ltd.,Services,FSL,EQ,INE684F01012
160,Five-Star Business Finance Ltd.,Financial Services,FIVESTAR,EQ,INE128S01021
161,Fortis Healthcare Ltd.,Healthcare,FORTIS,EQ,INE061F01013
162,G R Infraprojects Ltd.,Construction,GRINFRA,EQ,INE201P01022
163,GAIL (India) Ltd.,Oil Gas & Consumable Fuels,GAIL,EQ,INE129A01019
164,GMM Pfaudler Ltd.,Capital Goods,GMMPFAUDLR,EQ,INE541A01023
165,GMR Airports Infrastructure Ltd.,Services,GMRINFRA,EQ,INE776C01039
166,Galaxy Surfactants Ltd.,Chemicals,GALAXYSURF,EQ,INE600K01018
167,General Insurance Corporation of India,Financial Services,GICRE,EQ,INE481Y01014
168,Gillette India Ltd.,Fast Moving Consumer Goods,GILLETTE,EQ,INE322A01010
169,Gland Pharma Ltd.,Healthcare,GLAND,EQ,INE068V01023
170,Glaxosmithkline Pharmaceuticals Ltd.,Healthcare,GLAXO,EQ,INE159A01016
171,Glenmark Life Sciences Ltd.,Healthcare,GLS,EQ,INE03Q201024
172,Glenmark Pharmaceuticals Ltd.,Healthcare,GLENMARK,EQ,INE935A01035
173,Global Health Ltd.,Healthcare,MEDANTA,EQ,INE474Q01031
174,Go Fashion (India) Ltd.,Consumer Services,GOCOLORS,EQ,INE0BJS01011
175,Godawari Power & Ispat Ltd.,Capital Goods,GPIL,EQ,INE177H01021
176,Godfrey Phillips India Ltd.,Fast Moving Consumer Goods,GODFRYPHLP,EQ,INE260B01028
177,Godrej Consumer Products Ltd.,Fast Moving Consumer Goods,GODREJCP,EQ,INE102D01028
178,Godrej Industries Ltd.,Diversified,GODREJIND,EQ,INE233A01035
179,Godrej Properties Ltd.,Realty,GODREJPROP,EQ,INE484J01027
180,Granules India Ltd.,Healthcare,GRANULES,EQ,INE101D01020
181,Graphite India Ltd.,Capital Goods,GRAPHITE,EQ,INE371A01025
182,Grasim Industries Ltd.,Construction Materials,GRASIM,EQ,INE047A01021
183,Great Eastern Shipping Co. Ltd.,Services,GESHIP,EQ,INE017A01032
184,Grindwell Norton Ltd.,Capital Goods,GRINDWELL,EQ,INE536A01023
185,Gujarat Alkalies & Chemicals Ltd.,Chemicals,GUJALKALI,EQ,INE186A01019
186,Gujarat Ambuja Exports Ltd.,Fast Moving Consumer Goods,GAEL,EQ,INE036B01030
187,Gujarat Fluorochemicals Ltd.,Chemicals,FLUOROCHEM,EQ,INE09N301011
188,Gujarat Gas Ltd.,Oil Gas & Consumable Fuels,GUJGASLTD,EQ,INE844O01030
189,Gujarat Narmada Valley Fertilizers and Chemicals Ltd.,Chemicals,GNFC,EQ,INE113A01013
190,Gujarat Pipavav Port Ltd.,Services,GPPL,EQ,INE517F01014
191,Gujarat State Fertilizers & Chemicals Ltd.,Chemicals,GSFC,EQ,INE026A01025
192,Gujarat State Petronet Ltd.,Oil Gas & Consumable Fuels,GSPL,EQ,INE246F01010
193,H.E.G. Ltd.,Capital Goods,HEG,EQ,INE545A01016
194,HCL Technologies Ltd.,Information Technology,HCLTECH,EQ,INE860A01027
195,HDFC Asset Management Company Ltd.,Financial Services,HDFCAMC,EQ,INE127D01025
196,HDFC Bank Ltd.,Financial Services,HDFCBANK,EQ,INE040A01034
197,HDFC Life Insurance Company Ltd.,Financial Services,HDFCLIFE,EQ,INE795G01014
198,HFCL Ltd.,Telecommunication,HFCL,EQ,INE548A01028
199,HLE Glascoat Ltd.,Capital Goods,HLEGLAS,EQ,INE461D01028
200,Happiest Minds Technologies Ltd.,Information Technology,HAPPSTMNDS,EQ,INE419U01012
201,Havells India Ltd.,Consumer Durables,HAVELLS,EQ,INE176B01034
202,Hero MotoCorp Ltd.,Automobile and Auto Components,HEROMOTOCO,EQ,INE158A01026
203,Hindalco Industries Ltd.,Metals & Mining,HINDALCO,EQ,INE038A01020
204,Hindustan Aeronautics Ltd.,Capital Goods,HAL,EQ,INE066F01020
205,Hindustan Copper Ltd.,Metals & Mining,HINDCOPPER,EQ,INE531E01026
206,Hindustan Petroleum Corporation Ltd.,Oil Gas & Consumable Fuels,HINDPETRO,EQ,INE094A01015
207,Hindustan Unilever Ltd.,Fast Moving Consumer Goods,HINDUNILVR,EQ,INE030A01027
208,Hindustan Zinc Ltd.,Metals & Mining,HINDZINC,EQ,INE267A01025
209,Hitachi Energy India Ltd.,Capital Goods,POWERINDIA,EQ,INE07Y701011
210,Home First Finance Company India Ltd.,Financial Services,HOMEFIRST,EQ,INE481N01025
211,Honeywell Automation India Ltd.,Capital Goods,HONAUT,EQ,INE671A01010
212,Housing & Urban Development Corporation Ltd.,Financial Services,HUDCO,EQ,INE031A01017
213,ICICI Bank Ltd.,Financial Services,ICICIBANK,EQ,INE090A01021
214,ICICI Lombard General Insurance Company Ltd.,Financial Services,ICICIGI,EQ,INE765G01017
215,ICICI Prudential Life Insurance Company Ltd.,Financial Services,ICICIPRULI,EQ,INE726G01019
216,ICICI Securities Ltd.,Financial Services,ISEC,EQ,INE763G01038
217,IDBI Bank Ltd.,Financial Services,IDBI,EQ,INE008A01015
218,IDFC First Bank Ltd.,Financial Services,IDFCFIRSTB,EQ,INE092T01019
219,IDFC Ltd.,Financial Services,IDFC,EQ,INE043D01016
220,IIFL Finance Ltd.,Financial Services,IIFL,EQ,INE530B01024
221,IRB Infrastructure Developers Ltd.,Construction,IRB,EQ,INE821I01022
222,IRCON International Ltd.,Construction,IRCON,EQ,INE962Y01021
223,ITC Ltd.,Fast Moving Consumer Goods,ITC,EQ,INE154A01025
224,ITI Ltd.,Telecommunication,ITI,EQ,INE248A01017
225,India Cements Ltd.,Construction Materials,INDIACEM,EQ,INE383A01012
226,Indiabulls Housing Finance Ltd.,Financial Services,IBULHSGFIN,EQ,INE148I01020
227,Indiamart Intermesh Ltd.,Consumer Services,INDIAMART,EQ,INE933S01016
228,Indian Bank,Financial Services,INDIANB,EQ,INE562A01011
229,Indian Energy Exchange Ltd.,Financial Services,IEX,EQ,INE022Q01020
230,Indian Hotels Co. Ltd.,Consumer Services,INDHOTEL,EQ,INE053A01029
231,Indian Oil Corporation Ltd.,Oil Gas & Consumable Fuels,IOC,EQ,INE242A01010
232,Indian Overseas Bank,Financial Services,IOB,EQ,INE565A01014
233,Indian Railway Catering And Tourism Corporation Ltd.,Consumer Services,IRCTC,EQ,INE335Y01020
234,Indian Railway Finance Corporation Ltd.,Financial Services,IRFC,EQ,INE053F01010
235,Indigo Paints Ltd.,Consumer Durables,INDIGOPNTS,EQ,INE09VQ01012
236,Indraprastha Gas Ltd.,Oil Gas & Consumable Fuels,IGL,EQ,INE203G01027
237,Indus Towers Ltd.,Telecommunication,INDUSTOWER,EQ,INE121J01017
238,IndusInd Bank Ltd.,Financial Services,INDUSINDBK,EQ,INE095A01012
239,Infibeam Avenues Ltd.,Financial Services,INFIBEAM,EQ,INE483S01020
240,Info Edge (India) Ltd.,Consumer Services,NAUKRI,EQ,INE663F01024
241,Infosys Ltd.,Information Technology,INFY,EQ,INE009A01021
242,Ingersoll Rand (India) Ltd.,Capital Goods,INGERRAND,EQ,INE177A01018
243,Intellect Design Arena Ltd.,Information Technology,INTELLECT,EQ,INE306R01017
244,InterGlobe Aviation Ltd.,Services,INDIGO,EQ,INE646L01027
245,Ipca Laboratories Ltd.,Healthcare,IPCALAB,EQ,INE571A01038
246,J.B. Chemicals & Pharmaceuticals Ltd.,Healthcare,JBCHEPHARM,EQ,INE572A01036
247,J.K. Cement Ltd.,Construction Materials,JKCEMENT,EQ,INE823G01014
248,JBM Auto Ltd.,Automobile and Auto Components,JBMA,EQ,INE927D01044
249,JK Lakshmi Cement Ltd.,Construction Materials,JKLAKSHMI,EQ,INE786A01032
250,JK Paper Ltd.,Forest Materials,JKPAPER,EQ,INE789E01012
251,JM Financial Ltd.,Financial Services,JMFINANCIL,EQ,INE780C01023
252,JSW Energy Ltd.,Power,JSWENERGY,EQ,INE121E01018
253,JSW Steel Ltd.,Metals & Mining,JSWSTEEL,EQ,INE019A01038
254,Jamna Auto Industries Ltd.,Automobile and Auto Components,JAMNAAUTO,EQ,INE039C01032
255,Jindal Saw Ltd.,Capital Goods,JINDALSAW,EQ,INE324A01024
256,Jindal Stainless Ltd.,Metals & Mining,JSL,EQ,INE220G01021
257,Jindal Steel & Power Ltd.,Metals & Mining,JINDALSTEL,EQ,INE749A01030
258,Jubilant Foodworks Ltd.,Consumer Services,JUBLFOOD,EQ,INE797F01020
259,Jubilant Ingrevia Ltd.,Chemicals,JUBLINGREA,EQ,INE0BY001018
260,Jubilant Pharmova Ltd.,Healthcare,JUBLPHARMA,EQ,INE700A01033
261,Justdial Ltd.,Consumer Services,JUSTDIAL,EQ,INE599M01018
262,Jyothy Labs Ltd.,Fast Moving Consumer Goods,JYOTHYLAB,EQ,INE668F01031
263,K.P.R. Mill Ltd.,Textiles,KPRMILL,EQ,INE930H01031
264,KEI Industries Ltd.,Capital Goods,KEI,EQ,INE878B01027
265,KNR Constructions Ltd.,Construction,KNRCON,EQ,INE634I01029
266,KPIT Technologies Ltd.,Information Technology,KPITTECH,EQ,INE04I401011
267,KRBL Ltd.,Fast Moving Consumer Goods,KRBL,EQ,INE001B01026
268,KSB Ltd.,Capital Goods,KSB,EQ,INE999A01015
269,Kajaria Ceramics Ltd.,Consumer Durables,KAJARIACER,EQ,INE217B01036
270,Kalpataru Projects International Ltd.,Construction,KPIL,EQ,INE220B01022
271,Kalyan Jewellers India Ltd.,Consumer Durables,KALYANKJIL,EQ,INE303R01014
272,Kansai Nerolac Paints Ltd.,Consumer Durables,KANSAINER,EQ,INE531A01024
273,Karur Vysya Bank Ltd.,Financial Services,KARURVYSYA,EQ,INE036D01028
274,Kaynes Technology India Ltd.,Capital Goods,KAYNES,EQ,INE918Z01012
275,Kec International Ltd.,Capital Goods,KEC,EQ,INE389H01022
276,Kfin Technologies Ltd.,Financial Services,KFINTECH,EQ,INE138Y01010
277,Kotak Mahindra Bank Ltd.,Financial Services,KOTAKBANK,EQ,INE237A01028
278,Krishna Institute of Medical Sciences Ltd.,Healthcare,KIMS,EQ,INE967H01017
279,L&T Finance Holdings Ltd.,Financial Services,L&TFH,EQ,INE498L01015
280,L&T Technology Services Ltd.,Information Technology,LTTS,EQ,INE010V01017
281,LIC Housing Finance Ltd.,Financial Services,LICHSGFIN,EQ,INE115A01026
282,LTIMindtree Ltd.,Information Technology,LTIM,EQ,INE214T01019
283,Lakshmi Machine Works Ltd.,Capital Goods,LAXMIMACH,EQ,INE269B01029
284,Larsen & Toubro Ltd.,Construction,LT,EQ,INE018A01030
285,Latent View Analytics Ltd.,Information Technology,LATENTVIEW,EQ,INE0I7C01011
286,Laurus Labs Ltd.,Healthcare,LAURUSLABS,EQ,INE947Q01028
287,Laxmi Organic Industries Ltd.,Chemicals,LXCHEM,EQ,INE576O01020
288,Lemon Tree Hotels Ltd.,Consumer Services,LEMONTREE,EQ,INE970X01018
289,Life Insurance Corporation of India,Financial Services,LICI,EQ,INE0J1Y01017
290,Linde India Ltd.,Chemicals,LINDEINDIA,EQ,INE473A01011
291,Lupin Ltd.,Healthcare,LUPIN,EQ,INE326A01037
292,Lux Industries Ltd.,Textiles,LUXIND,EQ,INE150G01020
293,MMTC Ltd.,Services,MMTC,EQ,INE123F01029
294,MRF Ltd.,Automobile and Auto Components,MRF,EQ,INE883A01011
295,MTAR Technologies Ltd.,Capital Goods,MTARTECH,EQ,INE864I01014
296,Macrotech Developers Ltd.,Realty,LODHA,EQ,INE670K01029
297,Mahanagar Gas Ltd.,Oil Gas & Consumable Fuels,MGL,EQ,INE002S01010
298,Mahindra & Mahindra Financial Services Ltd.,Financial Services,M&MFIN,EQ,INE774D01024
299,Mahindra & Mahindra Ltd.,Automobile and Auto Components,M&M,EQ,INE101A01026
300,Mahindra Holidays & Resorts India Ltd.,Consumer Services,MHRIL,EQ,INE998I01010
301,Mahindra Lifespace Developers Ltd.,Realty,MAHLIFE,EQ,INE813A01018
302,Manappuram Finance Ltd.,Financial Services,MANAPPURAM,EQ,INE522D01027
303,Mangalore Refinery & Petrochemicals Ltd.,Oil Gas & Consumable Fuels,MRPL,EQ,INE103A01014
304,Mankind Pharma Ltd.,Healthcare,MANKIND,EQ,INE634S01028
305,Marico Ltd.,Fast Moving Consumer Goods,MARICO,EQ,INE196A01026
306,Maruti Suzuki India Ltd.,Automobile and Auto Components,MARUTI,EQ,INE585B01010
307,Mastek Ltd.,Information Technology,MASTEK,EQ,INE759A01021
308,Max Financial Services Ltd.,Financial Services,MFSL,EQ,INE180A01020
309,Max Healthcare Institute Ltd.,Healthcare,MAXHEALTH,EQ,INE027H01010
310,Mazagoan Dock Shipbuilders Ltd.,Capital Goods,MAZDOCK,EQ,INE249Z01012
311,Medplus Health Services Ltd.,Consumer Services,MEDPLUS,EQ,INE804L01022
312,Metro Brands Ltd.,Consumer Durables,METROBRAND,EQ,INE317I01021
313,Metropolis Healthcare Ltd.,Healthcare,METROPOLIS,EQ,INE112L01020
314,Minda Corporation Ltd.,Automobile and Auto Components,MINDACORP,EQ,INE842C01021
315,Motherson Sumi Wiring India Ltd.,Automobile and Auto Components,MSUMI,EQ,INE0FS801015
316,Motilal Oswal Financial Services Ltd.,Financial Services,MOTILALOFS,EQ,INE338I01027
317,MphasiS Ltd.,Information Technology,MPHASIS,EQ,INE356A01018
318,Multi Commodity Exchange of India Ltd.,Financial Services,MCX,EQ,INE745G01035
319,Muthoot Finance Ltd.,Financial Services,MUTHOOTFIN,EQ,INE414G01012
320,NATCO Pharma Ltd.,Healthcare,NATCOPHARM,EQ,INE987B01026
321,NBCC (India) Ltd.,Construction,NBCC,EQ,INE095N01031
322,NCC Ltd.,Construction,NCC,EQ,INE868B01028
323,NHPC Ltd.,Power,NHPC,EQ,INE848E01016
324,NLC India Ltd.,Power,NLCINDIA,EQ,INE589A01014
325,NMDC Ltd.,Metals & Mining,NMDC,EQ,INE584A01023
326,NMDC Steel Ltd.,Metals & Mining,NSLNISP,EQ,INE0NNS01018
327,NTPC Ltd.,Power,NTPC,EQ,INE733E01010
328,Narayana Hrudayalaya Ltd.,Healthcare,NH,EQ,INE410P01011
329,National Aluminium Co. Ltd.,Metals & Mining,NATIONALUM,EQ,INE139A01034
330,Navin Fluorine International Ltd.,Chemicals,NAVINFLUOR,EQ,INE048G01026
331,Nazara Technologies Ltd.,Media Entertainment & Publication,NAZARA,EQ,INE418L01021
332,Nestle India Ltd.,Fast Moving Consumer Goods,NESTLEIND,EQ,INE239A01024
333,Network18 Media & Investments Ltd.,Media Entertainment & Publication,NETWORK18,BE,INE870H01013
334,Nippon Life India Asset Management Ltd.,Financial Services,NAM-INDIA,EQ,INE298J01013
335,Nuvoco Vistas Corporation Ltd.,Construction Materials,NUVOCO,EQ,INE118D01016
336,Oberoi Realty Ltd.,Realty,OBEROIRLTY,EQ,INE093I01010
337,Oil & Natural Gas Corporation Ltd.,Oil Gas & Consumable Fuels,ONGC,EQ,INE213A01029
338,Oil India Ltd.,Oil Gas & Consumable Fuels,OIL,EQ,INE274J01014
339,Olectra Greentech Ltd.,Automobile and Auto Components,OLECTRA,EQ,INE260D01016
340,One 97 Communications Ltd.,Financial Services,PAYTM,EQ,INE982J01020
341,Oracle Financial Services Software Ltd.,Information Technology,OFSS,EQ,INE881D01027
342,Orient Electric Ltd.,Consumer Durables,ORIENTELEC,EQ,INE142Z01019
343,PB Fintech Ltd.,Financial Services,POLICYBZR,EQ,INE417T01026
344,PCBL Ltd.,Chemicals,PCBL,EQ,INE602A01031
345,PI Industries Ltd.,Chemicals,PIIND,EQ,INE603J01030
346,PNB Housing Finance Ltd.,Financial Services,PNBHOUSING,EQ,INE572E01012
347,PNC Infratech Ltd.,Construction,PNCINFRA,EQ,INE195J01029
348,PVR INOX Ltd.,Media Entertainment & Publication,PVRINOX,EQ,INE191H01014
349,Page Industries Ltd.,Textiles,PAGEIND,EQ,INE761H01022
350,Patanjali Foods Ltd.,Fast Moving Consumer Goods,PATANJALI,EQ,INE619A01035
351,Persistent Systems Ltd.,Information Technology,PERSISTENT,EQ,INE262H01013
352,Petronet LNG Ltd.,Oil Gas & Consumable Fuels,PETRONET,EQ,INE347G01014
353,Pfizer Ltd.,Healthcare,PFIZER,EQ,INE182A01018
354,Phoenix Mills Ltd.,Realty,PHOENIXLTD,EQ,INE211B01039
355,Pidilite Industries Ltd.,Chemicals,PIDILITIND,EQ,INE318A01026
356,Piramal Enterprises Ltd.,Financial Services,PEL,EQ,INE140A01024
357,Piramal Pharma Ltd.,Healthcare,PPLPHARMA,EQ,INE0DK501011
358,Poly Medicure Ltd.,Healthcare,POLYMED,EQ,INE205C01021
359,Polycab India Ltd.,Capital Goods,POLYCAB,EQ,INE455K01017
360,Polyplex Corporation Ltd.,Capital Goods,POLYPLEX,EQ,INE633B01018
361,Poonawalla Fincorp Ltd.,Financial Services,POONAWALLA,EQ,INE511C01022
362,Power Finance Corporation Ltd.,Financial Services,PFC,EQ,INE134E01011
363,Power Grid Corporation of India Ltd.,Power,POWERGRID,EQ,INE752E01010
364,Praj Industries Ltd.,Capital Goods,PRAJIND,EQ,INE074A01025
365,Prestige Estates Projects Ltd.,Realty,PRESTIGE,EQ,INE811K01011
366,Prince Pipes and Fittings Ltd.,Capital Goods,PRINCEPIPE,EQ,INE689W01016
367,Prism Johnson Ltd.,Construction Materials,PRSMJOHNSN,EQ,INE010A01011
368,Procter & Gamble Health Ltd.,Healthcare,PGHL,EQ,INE199A01012
369,Procter & Gamble Hygiene & Health Care Ltd.,Fast Moving Consumer Goods,PGHH,EQ,INE179A01014
370,Punjab National Bank,Financial Services,PNB,EQ,INE160A01022
371,Quess Corp Ltd.,Services,QUESS,EQ,INE615P01015
372,RBL Bank Ltd.,Financial Services,RBLBANK,EQ,INE976G01028
373,REC Ltd.,Financial Services,RECLTD,EQ,INE020B01018
374,RHI MAGNESITA INDIA LTD.,Capital Goods,RHIM,EQ,INE743M01012
375,RITES Ltd.,Construction,RITES,EQ,INE320J01015
376,Radico Khaitan Ltd,Fast Moving Consumer Goods,RADICO,EQ,INE944F01028
377,Rail Vikas Nigam Ltd.,Construction,RVNL,EQ,INE415G01027
378,Rain Industries Ltd,Chemicals,RAIN,EQ,INE855B01025
379,Rainbow Childrens Medicare Ltd.,Healthcare,RAINBOW,EQ,INE961O01016
380,Rajesh Exports Ltd.,Consumer Durables,RAJESHEXPO,EQ,INE343B01030
381,Rallis India Ltd.,Chemicals,RALLIS,EQ,INE613A01020
382,Rashtriya Chemicals & Fertilizers Ltd.,Chemicals,RCF,EQ,INE027A01015
383,Ratnamani Metals & Tubes Ltd.,Capital Goods,RATNAMANI,EQ,INE703B01027
384,RattanIndia Enterprises Ltd.,Services,RTNINDIA,EQ,INE834M01019
385,Raymond Ltd.,Textiles,RAYMOND,EQ,INE301A01014
386,Redington Ltd.,Services,REDINGTON,EQ,INE891D01026
387,Relaxo Footwears Ltd.,Consumer Durables,RELAXO,EQ,INE131B01039
388,Reliance Industries Ltd.,Oil Gas & Consumable Fuels,RELIANCE,EQ,INE002A01018
389,Restaurant Brands Asia Ltd.,Consumer Services,RBA,EQ,INE07T201019
390,Rossari Biotech Ltd.,Chemicals,ROSSARI,EQ,INE02A801020
391,Route Mobile Ltd.,Telecommunication,ROUTE,EQ,INE450U01017
392,SBI Cards and Payment Services Ltd.,Financial Services,SBICARD,EQ,INE018E01016
393,SBI Life Insurance Company Ltd.,Financial Services,SBILIFE,EQ,INE123W01016
394,SJVN Ltd.,Power,SJVN,EQ,INE002L01015
395,SKF India Ltd.,Capital Goods,SKFINDIA,EQ,INE640A01023
396,SRF Ltd.,Chemicals,SRF,EQ,INE647A01010
397,Safari Industries (India) Ltd.,Consumer Durables,SAFARI,EQ,INE429E01023
398,Samvardhana Motherson International Ltd.,Automobile and Auto Components,MOTHERSON,EQ,INE775A01035
399,Sanofi India Ltd.,Healthcare,SANOFI,EQ,INE058A01010
400,Sapphire Foods India Ltd.,Consumer Services,SAPPHIRE,EQ,INE806T01012
401,Saregama India Ltd,Media Entertainment & Publication,SAREGAMA,EQ,INE979A01025
402,Schaeffler India Ltd.,Automobile and Auto Components,SCHAEFFLER,EQ,INE513A01022
403,Sharda Cropchem Ltd.,Chemicals,SHARDACROP,EQ,INE221J01015
404,Sheela Foam Ltd.,Consumer Durables,SFL,EQ,INE916U01025
405,Shoppers Stop Ltd.,Consumer Services,SHOPERSTOP,EQ,INE498B01024
406,Shree Cement Ltd.,Construction Materials,SHREECEM,EQ,INE070A01015
407,Shree Renuka Sugars Ltd.,Fast Moving Consumer Goods,RENUKA,EQ,INE087H01022
408,Shriram Finance Ltd.,Financial Services,SHRIRAMFIN,EQ,INE721A01013
409,Shyam Metalics and Energy Ltd.,Metals & Mining,SHYAMMETL,EQ,INE810G01011
410,Siemens Ltd.,Capital Goods,SIEMENS,EQ,INE003A01024
411,Sobha Ltd.,Realty,SOBHA,EQ,INE671H01015
412,Solar Industries India Ltd.,Chemicals,SOLARINDS,EQ,INE343H01029
413,Sona BLW Precision Forgings Ltd.,Automobile and Auto Components,SONACOMS,EQ,INE073K01018
414,Sonata Software Ltd.,Information Technology,SONATSOFTW,EQ,INE269A01021
415,Star Health and Allied Insurance Company Ltd.,Financial Services,STARHEALTH,EQ,INE575P01011
416,State Bank of India,Financial Services,SBIN,EQ,INE062A01020
417,Steel Authority of India Ltd.,Metals & Mining,SAIL,EQ,INE114A01011
418,Sterling and Wilson Renewable Energy Ltd.,Construction,SWSOLAR,EQ,INE00M201021
419,Sterlite Technologies Ltd.,Telecommunication,STLTECH,EQ,INE089C01029
420,Sumitomo Chemical India Ltd.,Chemicals,SUMICHEM,EQ,INE258G01013
421,Sun Pharma Advanced Research Company Ltd.,Healthcare,SPARC,BE,INE232I01014
422,Sun Pharmaceutical Industries Ltd.,Healthcare,SUNPHARMA,EQ,INE044A01036
423,Sun TV Network Ltd.,Media Entertainment & Publication,SUNTV,EQ,INE424H01027
424,Sundaram Finance Ltd.,Financial Services,SUNDARMFIN,EQ,INE660A01013
425,Sundram Fasteners Ltd.,Automobile and Auto Components,SUNDRMFAST,EQ,INE387A01021
426,Sunteck Realty Ltd.,Realty,SUNTECK,EQ,INE805D01034
427,Suprajit Engineering Ltd.,Automobile and Auto Components,SUPRAJIT,EQ,INE399C01030
428,Supreme Industries Ltd.,Capital Goods,SUPREMEIND,EQ,INE195A01028
429,Suven Pharmaceuticals Ltd.,Healthcare,SUVENPHAR,EQ,INE03QK01018
430,Suzlon Energy Ltd.,Capital Goods,SUZLON,EQ,INE040H01021
431,Swan Energy Ltd.,Realty,SWANENERGY,EQ,INE665A01038
432,Symphony Ltd.,Consumer Durables,SYMPHONY,EQ,INE225D01027
433,Syngene International Ltd.,Healthcare,SYNGENE,EQ,INE398R01022
434,Syrma SGS Technology Ltd.,Capital Goods,SYRMA,EQ,INE0DYJ01015
435,TTK Prestige Ltd.,Consumer Durables,TTKPRESTIG,EQ,INE690A01028
436,TV18 Broadcast Ltd.,Media Entertainment & Publication,TV18BRDCST,BE,INE886H01027
437,TVS Motor Company Ltd.,Automobile and Auto Components,TVSMOTOR,EQ,INE494B01023
438,Tanla Platforms Ltd.,Information Technology,TANLA,EQ,INE483C01032
439,Tata Chemicals Ltd.,Chemicals,TATACHEM,EQ,INE092A01019
440,Tata Communications Ltd.,Telecommunication,TATACOMM,EQ,INE151A01013
441,Tata Consultancy Services Ltd.,Information Technology,TCS,EQ,INE467B01029
442,Tata Consumer Products Ltd.,Fast Moving Consumer Goods,TATACONSUM,EQ,INE192A01025
443,Tata Elxsi Ltd.,Information Technology,TATAELXSI,EQ,INE670A01012
444,Tata Investment Corporation Ltd.,Financial Services,TATAINVEST,EQ,INE672A01018
445,Tata Motors Ltd DVR,Automobile and Auto Components,TATAMTRDVR,EQ,IN9155A01020
446,Tata Motors Ltd.,Automobile and Auto Components,TATAMOTORS,EQ,INE155A01022
447,Tata Power Co. Ltd.,Power,TATAPOWER,EQ,INE245A01021
448,Tata Steel Ltd.,Metals & Mining,TATASTEEL,EQ,INE081A01020
449,Tata Teleservices (Maharashtra) Ltd.,Telecommunication,TTML,EQ,INE517B01013
450,Teamlease Services Ltd.,Services,TEAMLEASE,EQ,INE985S01024
451,Tech Mahindra Ltd.,Information Technology,TECHM,EQ,INE669C01036
452,Tejas Networks Ltd.,Telecommunication,TEJASNET,EQ,INE010J01012
453,The New India Assurance Company Ltd.,Financial Services,NIACL,EQ,INE470Y01017
454,The Ramco Cements Ltd.,Construction Materials,RAMCOCEM,EQ,INE331A01037
455,Thermax Ltd.,Capital Goods,THERMAX,EQ,INE152A01029
456,Timken India Ltd.,Capital Goods,TIMKEN,EQ,INE325A01013
457,Titan Company Ltd.,Consumer Durables,TITAN,EQ,INE280A01028
458,Torrent Pharmaceuticals Ltd.,Healthcare,TORNTPHARM,EQ,INE685A01028
459,Torrent Power Ltd.,Power,TORNTPOWER,EQ,INE813H01021
460,Trent Ltd.,Consumer Services,TRENT,EQ,INE849A01020
461,Trident Ltd.,Textiles,TRIDENT,EQ,INE064C01022
462,Triveni Engineering & Industries Ltd.,Fast Moving Consumer Goods,TRIVENI,EQ,INE256C01024
463,Triveni Turbine Ltd.,Capital Goods,TRITURBINE,EQ,INE152M01016
464,Tube Investments of India Ltd.,Automobile and Auto Components,TIINDIA,EQ,INE974X01010
465,UCO Bank,Financial Services,UCOBANK,EQ,INE691A01018
466,UNO Minda Ltd.,Automobile and Auto Components,UNOMINDA,EQ,INE405E01023
467,UPL Ltd.,Chemicals,UPL,EQ,INE628A01036
468,UTI Asset Management Company Ltd.,Financial Services,UTIAMC,EQ,INE094J01016
469,Ujjivan Small Finance Bank Ltd.,Financial Services,UJJIVANSFB,EQ,INE551W01018
470,UltraTech Cement Ltd.,Construction Materials,ULTRACEMCO,EQ,INE481G01011
471,Union Bank of India,Financial Services,UNIONBANK,EQ,INE692A01016
472,United Breweries Ltd.,Fast Moving Consumer Goods,UBL,EQ,INE686F01025
473,United Spirits Ltd.,Fast Moving Consumer Goods,MCDOWELL-N,EQ,INE854D01024
474,Usha Martin Ltd.,Capital Goods,USHAMART,EQ,INE228A01035
475,V-Guard Industries Ltd.,Consumer Durables,VGUARD,EQ,INE951I01027
476,V-Mart Retail Ltd.,Consumer Services,VMART,EQ,INE665J01013
477,V.I.P. Industries Ltd.,Consumer Durables,VIPIND,EQ,INE054A01027
478,Vaibhav Global Ltd.,Consumer Durables,VAIBHAVGBL,EQ,INE884A01027
479,Vardhman Textiles Ltd.,Textiles,VTL,EQ,INE825A01020
480,Varroc Engineering Ltd.,Automobile and Auto Components,VARROC,EQ,INE665L01035
481,Varun Beverages Ltd.,Fast Moving Consumer Goods,VBL,EQ,INE200M01021
482,Vedant Fashions Ltd.,Consumer Services,MANYAVAR,EQ,INE825V01034
483,Vedanta Ltd.,Metals & Mining,VEDL,EQ,INE205A01025
484,Vijaya Diagnostic Centre Ltd.,Healthcare,VIJAYA,EQ,INE043W01024
485,Vinati Organics Ltd.,Chemicals,VINATIORGA,EQ,INE410B01037
486,Vodafone Idea Ltd.,Telecommunication,IDEA,EQ,INE669E01016
487,Voltas Ltd.,Consumer Durables,VOLTAS,EQ,INE226A01021
488,Welspun Corp Ltd.,Capital Goods,WELCORP,EQ,INE191B01025
489,Welspun Living Ltd.,Textiles,WELSPUNLIV,EQ,INE192B01031
490,Westlife Foodworld Ltd.,Consumer Services,WESTLIFE,EQ,INE274F01020
491,Whirlpool of India Ltd.,Consumer Durables,WHIRLPOOL,EQ,INE716A01013
492,Wipro Ltd.,Information Technology,WIPRO,EQ,INE075A01022
493,Yes Bank Ltd.,Financial Services,YESBANK,EQ,INE528G01035
494,ZF Commercial Vehicle Control Systems India Ltd.,Automobile and Auto Components,ZFCVINDIA,EQ,INE342J01019
495,Zee Entertainment Enterprises Ltd.,Media Entertainment & Publication,ZEEL,EQ,INE256A01028
496,Zensar Technolgies Ltd.,Information Technology,ZENSARTECH,EQ,INE520A01027
497,Zomato Ltd.,Consumer Services,ZOMATO,EQ,INE758T01015
498,Zydus Lifesciences Ltd.,Healthcare,ZYDUSLIFE,EQ,INE010B01027
499,Zydus Wellness Ltd.,Fast Moving Consumer Goods,ZYDUSWELL,EQ,INE768C01010
500,eClerx Services Ltd.,Services,ECLERX,EQ,INE738I01010
