,Company Name,Industry,Symbol,Series,ISIN Code
0,ABB India Ltd.,Capital Goods,ABB,EQ,INE117A01022
1,Adani Energy Solutions Ltd.,Power,ADANIENSOL,EQ,INE931S01010
2,Adani Enterprises Ltd.,Metals & Mining,ADANIENT,EQ,INE423A01024
3,Adani Green Energy Ltd.,Power,ADANIGREEN,EQ,INE364U01010
4,Adani Ports and Special Economic Zone Ltd.,Services,ADANIPORTS,EQ,INE742F01042
5,Adani Total Gas Ltd.,Oil Gas & Consumable Fuels,ATGL,EQ,INE399L01023
6,Adani Wilmar Ltd.,Fast Moving Consumer Goods,AWL,EQ,INE699H01024
7,Ambuja Cements Ltd.,Construction Materials,AMBUJACEM,EQ,INE079A01024
8,Apollo Hospitals Enterprise Ltd.,Healthcare,APOLLOHOSP,EQ,INE437A01024
9,Asian Paints Ltd.,Consumer Durables,ASIANPAINT,EQ,INE021A01026
10,Avenue Supermarts Ltd.,Consumer Services,DMART,EQ,INE192R01011
11,Axis Bank Ltd.,Financial Services,AXISBANK,EQ,INE238A01034
12,Bajaj Auto Ltd.,Automobile and Auto Components,BAJAJ-AUTO,EQ,INE917I01010
13,Bajaj Finance Ltd.,Financial Services,BAJFINANCE,EQ,INE296A01024
14,Bajaj Finserv Ltd.,Financial Services,BAJAJFINSV,EQ,INE918I01026
15,Bajaj Holdings & Investment Ltd.,Financial Services,BAJAJHLDNG,EQ,INE118A01012
16,Bank of Baroda,Financial Services,BANKBARODA,EQ,INE028A01039
17,Berger Paints India Ltd.,Consumer Durables,BERGEPAINT,EQ,INE463A01038
18,Bharat Electronics Ltd.,Capital Goods,BEL,EQ,INE263A01024
19,Bharat Petroleum Corporation Ltd.,Oil Gas & Consumable Fuels,BPCL,EQ,INE029A01011
20,Bharti Airtel Ltd.,Telecommunication,BHARTIARTL,EQ,INE397D01024
21,Bosch Ltd.,Automobile and Auto Components,BOSCHLTD,EQ,INE323A01026
22,Britannia Industries Ltd.,Fast Moving Consumer Goods,BRITANNIA,EQ,INE216A01030
23,Canara Bank,Financial Services,CANBK,EQ,INE476A01014
24,Cholamandalam Investment and Finance Company Ltd.,Financial Services,CHOLAFIN,EQ,INE121A01024
25,Cipla Ltd.,Healthcare,CIPLA,EQ,INE059A01026
26,Coal India Ltd.,Oil Gas & Consumable Fuels,COALINDIA,EQ,INE522F01014
27,Colgate Palmolive (India) Ltd.,Fast Moving Consumer Goods,COLPAL,EQ,INE259A01022
28,DLF Ltd.,Realty,DLF,EQ,INE271C01023
29,Dabur India Ltd.,Fast Moving Consumer Goods,DABUR,EQ,INE016A01026
30,Divi's Laboratories Ltd.,Healthcare,DIVISLAB,EQ,INE361B01024
31,Dr. Reddy's Laboratories Ltd.,Healthcare,DRREDDY,EQ,INE089A01023
32,Eicher Motors Ltd.,Automobile and Auto Components,EICHERMOT,EQ,INE066A01021
33,GAIL (India) Ltd.,Oil Gas & Consumable Fuels,GAIL,EQ,INE129A01019
34,Godrej Consumer Products Ltd.,Fast Moving Consumer Goods,GODREJCP,EQ,INE102D01028
35,Grasim Industries Ltd.,Construction Materials,GRASIM,EQ,INE047A01021
36,HCL Technologies Ltd.,Information Technology,HCLTECH,EQ,INE860A01027
37,HDFC Bank Ltd.,Financial Services,HDFCBANK,EQ,INE040A01034
38,HDFC Life Insurance Company Ltd.,Financial Services,HDFCLIFE,EQ,INE795G01014
39,Havells India Ltd.,Consumer Durables,HAVELLS,EQ,INE176B01034
40,Hero MotoCorp Ltd.,Automobile and Auto Components,HEROMOTOCO,EQ,INE158A01026
41,Hindalco Industries Ltd.,Metals & Mining,HINDALCO,EQ,INE038A01020
42,Hindustan Aeronautics Ltd.,Capital Goods,HAL,EQ,INE066F01020
43,Hindustan Unilever Ltd.,Fast Moving Consumer Goods,HINDUNILVR,EQ,INE030A01027
44,ICICI Bank Ltd.,Financial Services,ICICIBANK,EQ,INE090A01021
45,ICICI Lombard General Insurance Company Ltd.,Financial Services,ICICIGI,EQ,INE765G01017
46,ICICI Prudential Life Insurance Company Ltd.,Financial Services,ICICIPRULI,EQ,INE726G01019
47,ITC Ltd.,Fast Moving Consumer Goods,ITC,EQ,INE154A01025
48,Indian Oil Corporation Ltd.,Oil Gas & Consumable Fuels,IOC,EQ,INE242A01010
49,Indian Railway Catering And Tourism Corporation Ltd.,Consumer Services,IRCTC,EQ,INE335Y01020
50,IndusInd Bank Ltd.,Financial Services,INDUSINDBK,EQ,INE095A01012
51,Info Edge (India) Ltd.,Consumer Services,NAUKRI,EQ,INE663F01024
52,Infosys Ltd.,Information Technology,INFY,EQ,INE009A01021
53,InterGlobe Aviation Ltd.,Services,INDIGO,EQ,INE646L01027
54,JSW Steel Ltd.,Metals & Mining,JSWSTEEL,EQ,INE019A01038
55,Jindal Steel & Power Ltd.,Metals & Mining,JINDALSTEL,EQ,INE749A01030
56,Kotak Mahindra Bank Ltd.,Financial Services,KOTAKBANK,EQ,INE237A01028
57,LTIMindtree Ltd.,Information Technology,LTIM,EQ,INE214T01019
58,Larsen & Toubro Ltd.,Construction,LT,EQ,INE018A01030
59,Life Insurance Corporation of India,Financial Services,LICI,EQ,INE0J1Y01017
60,Mahindra & Mahindra Ltd.,Automobile and Auto Components,M&M,EQ,INE101A01026
61,Marico Ltd.,Fast Moving Consumer Goods,MARICO,EQ,INE196A01026
62,Maruti Suzuki India Ltd.,Automobile and Auto Components,MARUTI,EQ,INE585B01010
63,Muthoot Finance Ltd.,Financial Services,MUTHOOTFIN,EQ,INE414G01012
64,NTPC Ltd.,Power,NTPC,EQ,INE733E01010
65,Nestle India Ltd.,Fast Moving Consumer Goods,NESTLEIND,EQ,INE239A01024
66,Oil & Natural Gas Corporation Ltd.,Oil Gas & Consumable Fuels,ONGC,EQ,INE213A01029
67,PI Industries Ltd.,Chemicals,PIIND,EQ,INE603J01030
68,Pidilite Industries Ltd.,Chemicals,PIDILITIND,EQ,INE318A01026
69,Power Grid Corporation of India Ltd.,Power,POWERGRID,EQ,INE752E01010
70,Procter & Gamble Hygiene & Health Care Ltd.,Fast Moving Consumer Goods,PGHH,EQ,INE179A01014
71,Punjab National Bank,Financial Services,PNB,EQ,INE160A01022
72,Reliance Industries Ltd.,Oil Gas & Consumable Fuels,RELIANCE,EQ,INE002A01018
73,SBI Cards and Payment Services Ltd.,Financial Services,SBICARD,EQ,INE018E01016
74,SBI Life Insurance Company Ltd.,Financial Services,SBILIFE,EQ,INE123W01016
75,SRF Ltd.,Chemicals,SRF,EQ,INE647A01010
76,Samvardhana Motherson International Ltd.,Automobile and Auto Components,MOTHERSON,EQ,INE775A01035
77,Shree Cement Ltd.,Construction Materials,SHREECEM,EQ,INE070A01015
78,Shriram Finance Ltd.,Financial Services,SHRIRAMFIN,EQ,INE721A01013
79,Siemens Ltd.,Capital Goods,SIEMENS,EQ,INE003A01024
80,State Bank of India,Financial Services,SBIN,EQ,INE062A01020
81,Sun Pharmaceutical Industries Ltd.,Healthcare,SUNPHARMA,EQ,INE044A01036
82,TVS Motor Company Ltd.,Automobile and Auto Components,TVSMOTOR,EQ,INE494B01023
83,Tata Consultancy Services Ltd.,Information Technology,TCS,EQ,INE467B01029
84,Tata Consumer Products Ltd.,Fast Moving Consumer Goods,TATACONSUM,EQ,INE192A01025
85,Tata Motors Ltd DVR,Automobile and Auto Components,TATAMTRDVR,EQ,IN9155A01020
86,Tata Motors Ltd.,Automobile and Auto Components,TATAMOTORS,EQ,INE155A01022
87,Tata Power Co. Ltd.,Power,TATAPOWER,EQ,INE245A01021
88,Tata Steel Ltd.,Metals & Mining,TATASTEEL,EQ,INE081A01020
89,Tech Mahindra Ltd.,Information Technology,TECHM,EQ,INE669C01036
90,Titan Company Ltd.,Consumer Durables,TITAN,EQ,INE280A01028
91,Torrent Pharmaceuticals Ltd.,Healthcare,TORNTPHARM,EQ,INE685A01028
92,Trent Ltd.,Consumer Services,TRENT,EQ,INE849A01020
93,UPL Ltd.,Chemicals,UPL,EQ,INE628A01036
94,UltraTech Cement Ltd.,Construction Materials,ULTRACEMCO,EQ,INE481G01011
95,United Spirits Ltd.,Fast Moving Consumer Goods,MCDOWELL-N,EQ,INE854D01024
96,Varun Beverages Ltd.,Fast Moving Consumer Goods,VBL,EQ,INE200M01021
97,Vedanta Ltd.,Metals & Mining,VEDL,EQ,INE205A01025
98,Wipro Ltd.,Information Technology,WIPRO,EQ,INE075A01022
99,Zomato Ltd.,Consumer Services,ZOMATO,EQ,INE758T01015
100,Zydus Lifesciences Ltd.,Healthcare,ZYDUSLIFE,EQ,INE010B01027
