,Ticker,Sector,Industry,Market Cap,Company Name
0,3MINDIA,Diversified,Diversified,380.8,3M India Limited
1,ABB,Industrials,Electrical Equipment,963.35,ABB India Limited
2,360ONE,Financial Services,Finance,221.4,360 ONE WAM LIMITED
3,ACC,Commodities,Cement & Cement Products,475.1,ACC Limited
4,AIAENG,Industrials,Industrial Products,410.9,AIA Engineering Limited
5,AUBANK,Financial Services,Banks,424.64,AU Small Finance Bank Limited
6,APLAPOLLO,Industrials,Industrial Products,414.15,APL Apollo Tubes Limited
7,AARTIDRUGS,Healthcare,Pharmaceuticals & Biotechnology,48.45,Aarti Drugs Limited
8,AARTIIND,Commodities,Chemicals & Petrochemicals,233.24,Aarti Industries Limited
9,ABBOTINDIA,Healthcare,Pharmaceuticals & Biotechnology,354.01,Abbott India Limited
10,AAVAS,Financial Services,Finance,119.09,Aavas Financiers Limited
11,ADANIENSOL,Utilities,Power,1191.01,Adani Energy Solutions Limited
12,ADANIGREEN,Utilities,Power,2638.92,Adani Green Energy Limited
13,ADANIENT,Commodities,Metals & Minerals Trading,3594.99,Adani Enterprises Limited
14,ADANIPORTS,Services,Transport Infrastructure,2632.89,Adani Ports and Special Economic Zone Limited
15,ADANIPOWER,Utilities,Power,2176.66,Adani Power Limited
16,ATGL,Energy,Gas,1104.32,Adani Total Gas Limited
17,AWL,Fast Moving Consumer Goods,Agricultural Food & other Products,455.99,Adani Wilmar Limited
18,ABCAPITAL,Financial Services,Finance,433.76,Aditya Birla Capital Limited
19,ABFRL,Consumer Discretionary,Retailing,229.6,Aditya Birla Fashion and Retail Limited
20,AETHER,Commodities,Chemicals & Petrochemicals,114.8,Aether Industries Limited
21,AEGISCHEM,Energy,Gas,136.5,Aegis Logistics Limited
22,AFFLE,Information Technology,IT - Services,170.2,Affle (India) Limited
23,AJANTPHARM,Healthcare,Pharmaceuticals & Biotechnology,274.65,Ajanta Pharma Limited
24,APLLTD,Healthcare,Pharmaceuticals & Biotechnology,187.83,Alembic Pharmaceuticals Limited
25,ALKEM,Healthcare,Pharmaceuticals & Biotechnology,580.46,Alkem Laboratories Limited
26,ALLCARGO,Services,Transport Services,77.89,Allcargo Logistics Limited
27,ALOKINDS,Consumer Discretionary,Textiles & Apparels,156.9,Alok Industries Limited
28,ALKYLAMINE,Commodities,Chemicals & Petrochemicals,120.81,Alkyl Amines Chemicals Limited
29,AMBER,Consumer Discretionary,Consumer Durables,153.46,Amber Enterprises India Limited
30,ANGELONE,Financial Services,Capital Markets,281.98,Angel One Limited
31,AMBUJACEM,Commodities,Cement & Cement Products,1121.99,Ambuja Cements Limited
32,ANURAS,Commodities,Chemicals & Petrochemicals,102.69,Anupam Rasayan India Limited
33,APOLLOHOSP,Healthcare,Healthcare Services,904.11,Apollo Hospitals Enterprise Limited
34,APARINDS,Industrials,Electrical Equipment,253.14,Apar Industries Limited
35,APTUS,Financial Services,Finance,187.3,Aptus Value Housing Finance India Limited
36,APOLLOTYRE,Consumer Discretionary,Auto Components,339.11,Apollo Tyres Limited
37,ASHOKLEY,Industrials,Agricultural Commercial & Construction Vehicles,513.09,Ashok Leyland Limited
38,ACI,Commodities,Chemicals & Petrochemicals,77.39,Archean Chemical Industries Limited
39,ASAHIINDIA,Consumer Discretionary,Auto Components,125.52,Asahi India Glass Limited
40,ASIANPAINT,Consumer Discretionary,Consumer Durables,2809.83,Asian Paints Limited
41,ASTERDM,Healthcare,Healthcare Services,215.84,Aster DM Healthcare Limited
42,ATUL,Commodities,Chemicals & Petrochemicals,185.37,Atul Limited
43,ASTRAL,Industrials,Industrial Products,507.49,Astral Limited
44,AUROPHARMA,Healthcare,Pharmaceuticals & Biotechnology,627.42,Aurobindo Pharma Limited
45,AVANTIFEED,Fast Moving Consumer Goods,Food Products,73.98,Avanti Feeds Limited
46,AXISBANK,Financial Services,Banks,3344.45,Axis Bank Limited
47,DMART,Consumer Discretionary,Retailing,2478.12,Avenue Supermarts Limited
48,BEML,Industrials,Agricultural Commercial & Construction Vehicles,158.45,BEML Limited
49,BLS,Consumer Discretionary,Leisure Services,170.48,BLS International Services Limited
50,BSE,Financial Services,Capital Markets,337.55,BSE Limited
51,BAJAJ-AUTO,Consumer Discretionary,Automobiles,2167.95,Bajaj Auto Limited
52,BAJFINANCE,Financial Services,Finance,4167.52,Bajaj Finance Limited
53,BAJAJFINSV,Financial Services,Finance,2588.28,Bajaj Finserv Limited
54,BAJAJHLDNG,Financial Services,Finance,928.4,Bajaj Holdings & Investment Limited
55,BALAMINES,Commodities,Chemicals & Petrochemicals,77.37,Balaji Amines Limited
56,BALRAMCHIN,Fast Moving Consumer Goods,Agricultural Food & other Products,78.46,Balrampur Chini Mills Limited
57,BALKRISIND,Consumer Discretionary,Auto Components,471.02,Balkrishna Industries Limited
58,BANDHANBNK,Financial Services,Banks,363.5,Bandhan Bank Limited
59,BANKBARODA,Financial Services,Banks,1323.61,Bank of Baroda
60,BANKINDIA,Financial Services,Banks,661.96,Bank of India
61,BATAINDIA,Consumer Discretionary,Consumer Durables,187.54,Bata India Limited
62,MAHABANK,Financial Services,Banks,399.74,Bank of Maharashtra
63,BAYERCROP,Commodities,Fertilizers & Agrochemicals,304.02,Bayer Cropscience Limited
64,BERGEPAINT,Consumer Discretionary,Consumer Durables,659.23,Berger Paints (I) Limited
65,BDL,Industrials,Aerospace & Defense,312.32,Bharat Dynamics Limited
66,BEL,Industrials,Aerospace & Defense,1340.61,Bharat Electronics Limited
67,BHEL,Industrials,Electrical Equipment,792.17,Bharat Heavy Electricals Limited
68,BHARATFORG,Industrials,Industrial Products,572.46,Bharat Forge Limited
69,BPCL,Energy,Petroleum Products,1102.96,Bharat Petroleum Corporation Limited
70,BHARTIARTL,Telecommunication,Telecom - Services,6475.42,Bharti Airtel Limited
71,BIKAJI,Fast Moving Consumer Goods,Food Products,146.12,Bikaji Foods International Limited
72,BIOCON,Healthcare,Pharmaceuticals & Biotechnology,324.1,Biocon Limited
73,BIRLACORPN,Commodities,Cement & Cement Products,124.61,Birla Corporation Limited
74,BSOFT,Information Technology,IT - Software,228.55,BIRLASOFT LIMITED
75,BLUEDART,Services,Transport Services,154.54,Blue Dart Express Limited
76,BLUESTARCO,Consumer Discretionary,Consumer Durables,243.62,Blue Star Limited
77,BORORENEW,Industrials,Industrial Products,81.23,BOROSIL RENEWABLES LIMITED
78,BBTC,Fast Moving Consumer Goods,Food Products,119.67,Bombay Burmah Trading Corporation Limited
79,BRIGADE,Consumer Discretionary,Realty,233.12,Brigade Enterprises Limited
80,BCG,Information Technology,IT - Services,40.26,Brightcom Group Limited
81,BRITANNIA,Fast Moving Consumer Goods,Food Products,1240.13,Britannia Industries Limited
82,BOSCHLTD,Consumer Discretionary,Auto Components,698.4,Bosch Limited
83,MAPMYINDIA,Information Technology,IT - Software,99.22,C.E. Info Systems Limited
84,CCL,Fast Moving Consumer Goods,Agricultural Food & other Products,89.13,CCL Products (India) Limited
85,CESC,Utilities,Power,185.71,CESC Limited
86,CGPOWER,Industrials,Electrical Equipment,697.59,CG Power and Industrial Solutions Limited
87,CIEINDIA,Consumer Discretionary,Auto Components,182.28,CIE Automotive India Limited
88,CRISIL,Financial Services,Finance,303.25,CRISIL Limited
89,CSBBANK,Financial Services,Banks,67.14,CSB Bank Limited
90,CAMPUS,Consumer Discretionary,Consumer Durables,82.28,Campus Activewear Limited
91,CANFINHOME,Financial Services,Finance,105.85,Can Fin Homes Limited
92,CANBK,Financial Services,Banks,909.79,Canara Bank
93,CGCL,Financial Services,Finance,199.39,Capri Global Capital Limited
94,CARBORUNIV,Industrials,Industrial Products,214.35,Carborundum Universal Limited
95,CASTROLIND,Energy,Petroleum Products,187.49,Castrol India Limited
96,CEATLTD,Consumer Discretionary,Auto Components,105.84,CEAT Limited
97,CENTRALBK,Financial Services,Banks,516.95,Central Bank of India
98,CDSL,Financial Services,Capital Markets,189.24,Central Depository Services (India) Limited
99,CENTURYPLY,Consumer Discretionary,Consumer Durables,175.43,Century Plyboards (India) Limited
100,CENTURYTEX,Commodities,Paper Forest & Jute Products,169.31,Century Textiles & Industries Limited
101,CERA,Consumer Discretionary,Consumer Durables,107.47,Cera Sanitaryware Limited
102,CHALET,Consumer Discretionary,Leisure Services,156.34,Chalet Hotels Limited
103,CHAMBLFERT,Commodities,Fertilizers & Agrochemicals,151.04,Chambal Fertilizers & Chemicals Limited
104,CHOLAHLDNG,Financial Services,Finance,220.59,Cholamandalam Financial Holdings Limited
105,CHOLAFIN,Financial Services,Finance,961.51,Cholamandalam Investment and Finance Company Limited
106,CHEMPLASTS,Commodities,Chemicals & Petrochemicals,75.96,Chemplast Sanmar Limited
107,CUB,Financial Services,Banks,106.54,City Union Bank Limited
108,CIPLA,Healthcare,Pharmaceuticals & Biotechnology,1120.33,Cipla Limited
109,CLEAN,Commodities,Chemicals & Petrochemicals,157.08,Clean Science and Technology Limited
110,COALINDIA,Energy,Consumable Fuels,2506.38,Coal India Limited
111,COCHINSHIP,Industrials,Industrial Manufacturing,239.81,Cochin Shipyard Limited
112,COFORGE,Information Technology,IT - Software,381.08,Coforge Limited
113,CONCOR,Services,Transport Services,561.28,Container Corporation of India Limited
114,CONCORDBIO,Healthcare,Pharmaceuticals & Biotechnology,151.97,Concord Biotech Limited
115,COLPAL,Fast Moving Consumer Goods,Personal Products,680.89,Colgate Palmolive (India) Limited
116,CAMS,Financial Services,Capital Markets,141.53,Computer Age Management Services Limited
117,COROMANDEL,Commodities,Fertilizers & Agrochemicals,315.16,Coromandel International Limited
118,CRAFTSMAN,Consumer Discretionary,Auto Components,91.37,Craftsman Automation Limited
119,CREDITACC,Financial Services,Finance,253.75,CREDITACCESS GRAMEEN LIMITED
120,CROMPTON,Consumer Discretionary,Consumer Durables,193.5,Crompton Greaves Consumer Electricals Limited
121,CUMMINSIND,Industrials,Industrial Products,627.28,Cummins India Limited
122,CYIENT,Information Technology,IT - Services,214.92,Cyient Limited
123,DLF,Consumer Discretionary,Realty,1980.38,DLF Limited
124,DCMSHRIRAM,Diversified,Diversified,160.4,DCM Shriram Limited
125,DABUR,Fast Moving Consumer Goods,Personal Products,982.42,Dabur India Limited
126,DALBHARAT,Commodities,Cement & Cement Products,427.68,Dalmia Bharat Limited
127,DEEPAKFERT,Commodities,Chemicals & Petrochemicals,73.19,Deepak Fertilizers And Petrochemicals Corporation Limited
128,DATAPATTNS,Industrials,Aerospace & Defense,108.75,Data Patterns (India) Limited
129,DEEPAKNTR,Commodities,Chemicals & Petrochemicals,306.95,Deepak Nitrite Limited
130,DELHIVERY,Services,Transport Services,345.26,Delhivery Limited
131,DELTACORP,Consumer Discretionary,Leisure Services,36.78,Delta Corp Limited
132,DEVYANI,Consumer Discretionary,Leisure Services,214.46,Devyani International Limited
133,DIVISLAB,Healthcare,Pharmaceuticals & Biotechnology,970.39,Divi's Laboratories Limited
134,LALPATHLAB,Healthcare,Healthcare Services,208.66,Dr. Lal Path Labs Ltd.
135,DIXON,Consumer Discretionary,Consumer Durables,366.32,Dixon Technologies (India) Limited
136,DRREDDY,Healthcare,Pharmaceuticals & Biotechnology,999.71,Dr. Reddy's Laboratories Limited
137,EIDPARRY,Commodities,Fertilizers & Agrochemicals,116.75,EID Parry India Limited
138,EIHOTEL,Consumer Discretionary,Leisure Services,204.68,EIH Limited
139,EASEMYTRIP,Consumer Discretionary,Leisure Services,82.93,Easy Trip Planners Limited
140,EPL,Industrials,Industrial Products,62.94,EPL Limited
141,EICHERMOT,Consumer Discretionary,Automobiles,1076.81,Eicher Motors Limited
142,ELGIEQUIP,Industrials,Industrial Products,194.74,Elgi Equipments Limited
143,EMAMILTD,Fast Moving Consumer Goods,Personal Products,217.64,Emami Limited
144,ENDURANCE,Consumer Discretionary,Auto Components,302.54,Endurance Technologies Limited
145,EPIGRAL,Commodities,Chemicals & Petrochemicals,43.34,Epigral Limited
146,ENGINERSIN,Industrials,Construction,133.15,Engineers India Limited
147,EQUITASBNK,Financial Services,Banks,117.25,Equitas Small Finance Bank Limited
148,ERIS,Healthcare,Pharmaceuticals & Biotechnology,123.33,Eris Lifesciences Limited
149,ESCORTS,Industrials,Agricultural Commercial & Construction Vehicles,318.45,Escorts Kubota Limited
150,NYKAA,Consumer Discretionary,Retailing,465.8,FSN E-Commerce Ventures Limited
151,EXIDEIND,Consumer Discretionary,Auto Components,284.07,Exide Industries Limited
152,FDC,Healthcare,Pharmaceuticals & Biotechnology,67.59,FDC Limited
153,FACT,Commodities,Fertilizers & Agrochemicals,541.31,Fertilizers and Chemicals Travancore Limited
154,FINEORG,Commodities,Chemicals & Petrochemicals,145.42,Fine Organic Industries Limited
155,FINCABLES,Industrials,Industrial Products,167.03,Finolex Cables Limited
156,FEDERALBNK,Financial Services,Banks,357.61,The Federal Bank  Limited
157,FSL,Services,Commercial Services & Supplies,140.79,Firstsource Solutions Limited
158,FIVESTAR,Financial Services,Finance,221.28,Five-Star Business Finance Limited
159,FINPIPE,Industrials,Industrial Products,136.75,Finolex Industries Limited
160,FORTIS,Healthcare,Healthcare Services,322.33,Fortis Healthcare Limited
161,GMRINFRA,Services,Transport Infrastructure,477.44,GMR Airports Infrastructure Limited
162,GRINFRA,Industrials,Construction,119.12,G R Infraprojects Limited
163,GMMPFAUDLR,Industrials,Industrial Manufacturing,69.93,GMM Pfaudler Limited
164,GAIL,Energy,Gas,1142.09,GAIL (India) Limited
165,GICRE,Financial Services,Insurance,647.11,General Insurance Corporation of India
166,GALAXYSURF,Commodities,Chemicals & Petrochemicals,96.13,Galaxy Surfactants Limited
167,GILLETTE,Fast Moving Consumer Goods,Personal Products,214.77,Gillette India Limited
168,GLAND,Healthcare,Pharmaceuticals & Biotechnology,326.74,Gland Pharma Limited
169,GLAXO,Healthcare,Pharmaceuticals & Biotechnology,377.45,GlaxoSmithKline Pharmaceuticals Limited
170,GLS,Healthcare,Pharmaceuticals & Biotechnology,104.97,Glenmark Life Sciences Limited
171,MEDANTA,Healthcare,Healthcare Services,321.68,Global Health Limited
172,GLENMARK,Healthcare,Pharmaceuticals & Biotechnology,251.27,Glenmark Pharmaceuticals Limited
173,GPIL,Industrials,Industrial Products,101.03,Godawari Power And Ispat limited
174,GOCOLORS,Consumer Discretionary,Retailing,59.11,Go Fashion (India) Limited
175,GODFRYPHLP,Fast Moving Consumer Goods,Cigarettes & Tobacco Products,127.04,Godfrey Phillips India Limited
176,GRANULES,Healthcare,Pharmaceuticals & Biotechnology,99.9,Granules India Limited
177,GODREJCP,Fast Moving Consumer Goods,Personal Products,1283.18,Godrej Consumer Products Limited
178,GODREJIND,Diversified,Diversified,297.16,Godrej Industries Limited
179,GODREJPROP,Consumer Discretionary,Realty,654.81,Godrej Properties Limited
180,GESHIP,Services,Transport Services,141.01,The Great Eastern Shipping Company Limited
181,GRINDWELL,Industrials,Industrial Products,257.89,Grindwell Norton Limited
182,GRAPHITE,Industrials,Industrial Products,109.82,Graphite India Limited
183,GRASIM,Commodities,Cement & Cement Products,1448.55,Grasim Industries Limited
184,GUJALKALI,Commodities,Chemicals & Petrochemicals,58.62,Gujarat Alkalies and Chemicals Limited
185,GAEL,Fast Moving Consumer Goods,Agricultural Food & other Products,91.34,Gujarat Ambuja Exports Limited
186,FLUOROCHEM,Commodities,Chemicals & Petrochemicals,401.03,Gujarat Fluorochemicals Limited
187,GNFC,Commodities,Chemicals & Petrochemicals,107.85,Gujarat Narmada Valley Fertilizers and Chemicals Limited
188,GUJGASLTD,Energy,Gas,399.16,Gujarat Gas Limited
189,GSFC,Commodities,Fertilizers & Agrochemicals,115.04,Gujarat State Fertilizers & Chemicals Limited
190,GPPL,Services,Transport Infrastructure,87.33,Gujarat Pipavav Port Limited
191,HDFCAMC,Financial Services,Capital Markets,765.97,HDFC Asset Management Company Limited
192,GSPL,Energy,Gas,204.05,Gujarat State Petronet Limited
193,HCLTECH,Information Technology,IT - Software,4280.54,HCL Technologies Limited
194,HEG,Industrials,Industrial Products,68.97,HEG Limited
195,HDFCLIFE,Financial Services,Insurance,1262.76,HDFC Life Insurance Company Limited
196,HDFCBANK,Financial Services,Banks,11135.81,HDFC Bank Limited
197,HFCL,Telecommunication,Telecom - Services,147.81,HFCL Limited
198,HLEGLAS,Industrials,Industrial Manufacturing,35.01,HLE Glascoat Limited
199,HAPPSTMNDS,Information Technology,IT - Software,131.6,Happiest Minds Technologies Limited
200,HAVELLS,Consumer Discretionary,Consumer Durables,823.84,Havells India Limited
201,HEROMOTOCO,Consumer Discretionary,Automobiles,916.82,Hero MotoCorp Limited
202,HINDALCO,Commodities,Non - Ferrous Metals,1283.72,Hindalco Industries Limited
203,HINDCOPPER,Commodities,Non - Ferrous Metals,282.71,Hindustan Copper Limited
204,HINDPETRO,Energy,Petroleum Products,660.76,Hindustan Petroleum Corporation Limited
205,HINDUNILVR,Fast Moving Consumer Goods,Diversified FMCG,5811.95,Hindustan Unilever Limited
206,HAL,Industrials,Aerospace & Defense,2004.69,Hindustan Aeronautics Limited
207,HINDZINC,Commodities,Non - Ferrous Metals,1340.48,Hindustan Zinc Limited
208,POWERINDIA,Industrials,Electrical Equipment,241.76,Hitachi Energy India Limited
209,HOMEFIRST,Financial Services,Finance,87.6,Home First Finance Company India Limited
210,HUDCO,Financial Services,Finance,412.19,Housing & Urban Development Corporation Limited
211,HONAUT,Industrials,Industrial Manufacturing,342.21,Honeywell Automation India Limited
212,ICICIGI,Financial Services,Insurance,744.52,ICICI Lombard General Insurance Company Limited
213,ICICIPRULI,Financial Services,Insurance,742.92,ICICI Prudential Life Insurance Company Limited
214,ICICIBANK,Financial Services,Banks,7193.14,ICICI Bank Limited
215,ISEC,Financial Services,Capital Markets,265.31,ICICI Securities Limited
216,IDFCFIRSTB,Financial Services,Banks,589.48,IDFC First Bank Limited
217,IIFL,Financial Services,Finance,231.16,IIFL Finance Limited
218,IDFC,Financial Services,Finance,189.76,IDFC Limited
219,IDBI,Financial Services,Banks,937.07,IDBI Bank Limited
220,IRB,Industrials,Construction,393.14,IRB Infrastructure Developers Limited
221,ITC,Fast Moving Consumer Goods,Diversified FMCG,5527.0,ITC Limited
222,ITI,Telecommunication,Telecom - Equipment & Accessories,328.62,ITI Limited
223,IRCON,Industrials,Construction,215.0,Ircon International Limited
224,INDIACEM,Commodities,Cement & Cement Products,75.06,The India Cements Limited
225,INDIANB,Financial Services,Banks,705.74,Indian Bank
226,IBULHSGFIN,Financial Services,Finance,143.23,Indiabulls Housing Finance Limited
227,IEX,Financial Services,Capital Markets,130.45,Indian Energy Exchange Limited
228,INDIAMART,Consumer Discretionary,Retailing,153.53,Indiamart Intermesh Limited
229,IOB,Financial Services,Banks,983.87,Indian Overseas Bank
230,INDHOTEL,Consumer Discretionary,Leisure Services,703.96,The Indian Hotels Company Limited
231,IOC,Energy,Petroleum Products,2114.66,Indian Oil Corporation Limited
232,IRCTC,Consumer Discretionary,Leisure Services,770.64,Indian Railway Catering And Tourism Corporation Limited
233,IGL,Energy,Gas,307.48,Indraprastha Gas Limited
234,INDUSTOWER,Telecommunication,Telecom - Services,590.19,Indus Towers Limited
235,IRFC,Financial Services,Finance,2220.34,Indian Railway Finance Corporation Limited
236,INDIGOPNTS,Consumer Discretionary,Consumer Durables,67.7,Indigo Paints Limited
237,INDUSINDBK,Financial Services,Banks,1198.6,IndusInd Bank Limited
238,INFIBEAM,Financial Services,Financial Technology (Fintech),105.02,Infibeam Avenues Limited
239,INFY,Information Technology,IT - Software,6877.51,Infosys Limited
240,NAUKRI,Consumer Discretionary,Retailing,654.94,Info Edge (India) Limited
241,INGERRAND,Industrials,Industrial Products,102.34,Ingersoll Rand (India) Limited
242,INDIGO,Services,Transport Services,1183.54,InterGlobe Aviation Limited
243,IPCALAB,Healthcare,Pharmaceuticals & Biotechnology,282.74,IPCA Laboratories Limited
244,INTELLECT,Information Technology,IT - Software,120.23,Intellect Design Arena Limited
245,JKCEMENT,Commodities,Cement & Cement Products,340.51,JK Cement Limited
246,JBMA,Consumer Discretionary,Auto Components,232.71,JBM Auto Limited
247,JKLAKSHMI,Commodities,Cement & Cement Products,109.42,JK Lakshmi Cement Limited
248,JBCHEPHARM,Healthcare,Pharmaceuticals & Biotechnology,261.3,JB Chemicals & Pharmaceuticals Limited
249,JKPAPER,Commodities,Paper Forest & Jute Products,72.83,JK Paper Limited
250,JMFINANCIL,Financial Services,Finance,105.92,JM Financial Limited
251,JSWSTEEL,Commodities,Ferrous Metals,1960.52,JSW Steel Limited
252,JSWENERGY,Utilities,Power,808.6,JSW Energy Limited
253,JINDALSAW,Industrials,Industrial Products,163.91,Jindal Saw Limited
254,JSL,Commodities,Ferrous Metals,464.91,Jindal Stainless Limited
255,JAMNAAUTO,Consumer Discretionary,Auto Components,46.51,Jamna Auto Industries Limited
256,JINDALSTEL,Commodities,Ferrous Metals,757.36,Jindal Steel & Power Limited
257,JUBLFOOD,Consumer Discretionary,Leisure Services,331.18,Jubilant Foodworks Limited
258,JYOTHYLAB,Fast Moving Consumer Goods,Household Products,186.62,Jyothy Labs Limited
259,JUBLINGREA,Commodities,Chemicals & Petrochemicals,68.78,Jubilant Ingrevia Limited
260,JUSTDIAL,Consumer Discretionary,Retailing,69.1,Just Dial Limited
261,KPRMILL,Consumer Discretionary,Textiles & Apparels,270.27,K.P.R. Mill Limited
262,JUBLPHARMA,Healthcare,Pharmaceuticals & Biotechnology,91.85,Jubilant Pharmova Limited
263,KEI,Industrials,Industrial Products,285.03,KEI Industries Limited
264,KNRCON,Industrials,Construction,77.55,KNR Constructions Limited
265,KRBL,Fast Moving Consumer Goods,Agricultural Food & other Products,82.66,KRBL Limited
266,KPITTECH,Information Technology,IT - Software,417.97,KPIT Technologies Limited
267,KSB,Industrials,Industrial Products,125.9,Ksb Limited
268,KAJARIACER,Consumer Discretionary,Consumer Durables,219.39,Kajaria Ceramics Limited
269,KANSAINER,Consumer Discretionary,Consumer Durables,272.91,Kansai Nerolac Paints Limited
270,KALYANKJIL,Consumer Discretionary,Consumer Durables,344.09,Kalyan Jewellers India Limited
271,KARURVYSYA,Financial Services,Banks,159.45,Karur Vysya Bank Limited
272,KEC,Industrials,Electrical Equipment,169.88,KEC International Limited
273,KPIL,Industrials,Construction,130.41,Kalpataru Projects International Limited
274,KAYNES,Industrials,Industrial Manufacturing,179.86,Kaynes Technology India Limited
275,KFINTECH,Financial Services,Capital Markets,107.21,Kfin Technologies Limited
276,KOTAKBANK,Financial Services,Banks,3622.99,Kotak Mahindra Bank Limited
277,KIMS,Healthcare,Healthcare Services,172.96,Krishna Institute of Medical Sciences Limited
278,LTTS,Information Technology,IT - Services,582.22,L&T Technology Services Limited
279,L&TFH,Financial Services,Finance,428.72,L&T Finance Holdings Limited
280,LTIM,Information Technology,IT - Software,1588.81,LTIMindtree Limited
281,LICHSGFIN,Financial Services,Finance,346.35,LIC Housing Finance Limited
282,LAXMIMACH,Industrials,Industrial Manufacturing,147.05,Lakshmi Machine Works Limited
283,LATENTVIEW,Information Technology,IT - Software,95.17,Latent View Analytics Limited
284,LT,Industrials,Construction,4670.72,Larsen & Toubro Limited
285,LXCHEM,Commodities,Chemicals & Petrochemicals,73.51,Laxmi Organic Industries Limited
286,LICI,Financial Services,Insurance,5926.52,Life Insurance Corporation Of India
287,LEMONTREE,Consumer Discretionary,Leisure Services,109.96,Lemon Tree Hotels Limited
288,LAURUSLABS,Healthcare,Pharmaceuticals & Biotechnology,209.79,Laurus Labs Limited
289,LUPIN,Healthcare,Pharmaceuticals & Biotechnology,689.47,Lupin Limited
290,LUXIND,Consumer Discretionary,Textiles & Apparels,36.96,Lux Industries Limited
291,LINDEINDIA,Commodities,Chemicals & Petrochemicals,469.9,Linde India Limited
292,MRF,Consumer Discretionary,Auto Components,604.27,MRF Limited
293,MMTC,Services,Commercial Services & Supplies,119.62,MMTC Limited
294,MTARTECH,Industrials,Aerospace & Defense,62.41,Mtar Technologies Limited
295,LODHA,Consumer Discretionary,Realty,1034.19,Macrotech Developers Limited
296,MGL,Energy,Gas,144.56,Mahanagar Gas Limited
297,M&MFIN,Financial Services,Finance,351.57,Mahindra & Mahindra Financial Services Limited
298,M&M,Consumer Discretionary,Automobiles,2053.25,Mahindra & Mahindra Limited
299,MHRIL,Consumer Discretionary,Leisure Services,81.87,Mahindra Holidays & Resorts India Limited
300,MANAPPURAM,Financial Services,Finance,153.63,Manappuram Finance Limited
301,MAHLIFE,Consumer Discretionary,Realty,86.88,Mahindra Lifespace Developers Limited
302,MARICO,Fast Moving Consumer Goods,Agricultural Food & other Products,693.5,Marico Limited
303,MRPL,Energy,Petroleum Products,313.1,Mangalore Refinery and Petrochemicals Limited
304,MARUTI,Consumer Discretionary,Automobiles,3344.6,Maruti Suzuki India Limited
305,MFSL,Financial Services,Insurance,310.76,Max Financial Services Limited
306,MANKIND,Healthcare,Pharmaceuticals & Biotechnology,819.7,Mankind Pharma Limited
307,MASTEK,Information Technology,IT - Software,87.46,Mastek Limited
308,MEDPLUS,Consumer Discretionary,Retailing,83.02,Medplus Health Services Limited
309,MAXHEALTH,Healthcare,Healthcare Services,780.47,Max Healthcare Institute Limited
310,METROBRAND,Consumer Discretionary,Consumer Durables,291.6,Metro Brands Limited
311,MAZDOCK,Industrials,Industrial Manufacturing,450.69,Mazagon Dock Shipbuilders Limited
312,MINDACORP,Consumer Discretionary,Auto Components,96.96,Minda Corporation Limited
313,MSUMI,Consumer Discretionary,Auto Components,309.26,Motherson Sumi Wiring India Limited
314,METROPOLIS,Healthcare,Healthcare Services,83.56,Metropolis Healthcare Limited
315,MOTILALOFS,Financial Services,Capital Markets,268.62,Motilal Oswal Financial Services Limited
316,MCX,Financial Services,Capital Markets,175.94,Multi Commodity Exchange of India Limited
317,MPHASIS,Information Technology,IT - Software,490.98,MphasiS Limited
318,NBCC,Industrials,Construction,254.97,NBCC (India) Limited
319,NATCOPHARM,Healthcare,Pharmaceuticals & Biotechnology,155.7,Natco Pharma Limited
320,MUTHOOTFIN,Financial Services,Finance,546.33,Muthoot Finance Limited
321,NHPC,Utilities,Power,918.12,NHPC Limited
322,NLCINDIA,Utilities,Power,361.36,NLC India Limited
323,NMDC,Commodities,Minerals & Mining,660.56,NMDC Limited
324,NCC,Industrials,Construction,130.65,NCC Limited
325,NSLNISP,Commodities,Ferrous Metals,203.09,NMDC Steel Limited
326,NTPC,Utilities,Power,3122.33,NTPC Limited
327,NATIONALUM,Commodities,Non - Ferrous Metals,270.08,National Aluminium Company Limited
328,NH,Healthcare,Healthcare Services,278.59,Narayana Hrudayalaya Ltd.
329,NAVINFLUOR,Commodities,Chemicals & Petrochemicals,164.66,Navin Fluorine International Limited
330,NAZARA,Consumer Discretionary,Entertainment,57.45,Nazara Technologies Limited
331,NETWORK18,Consumer Discretionary,Entertainment,121.34,Network18 Media & Investments Limited
332,NAM-INDIA,Financial Services,Capital Markets,318.57,Nippon Life India Asset Management Limited
333,NESTLEIND,Fast Moving Consumer Goods,Food Products,2379.35,Nestle India Limited
334,OBEROIRLTY,Consumer Discretionary,Realty,475.45,Oberoi Realty Limited
335,NUVOCO,Commodities,Cement & Cement Products,127.15,Nuvoco Vistas Corporation Limited
336,ONGC,Energy,Oil,3115.51,Oil & Natural Gas Corporation Limited
337,OIL,Energy,Oil,473.18,Oil India Limited
338,OLECTRA,Consumer Discretionary,Automobiles,141.8,Olectra Greentech Limited
339,PAYTM,Financial Services,Financial Technology (Fintech),386.76,One 97 Communications Limited
340,OFSS,Information Technology,IT - Software,558.25,Oracle Financial Services Software Limited
341,ORIENTELEC,Consumer Discretionary,Consumer Durables,46.43,Orient Electric Limited
342,POLICYBZR,Financial Services,Financial Technology (Fintech),450.21,PB Fintech Limited
343,PCBL,Commodities,Chemicals & Petrochemicals,119.92,PCBL LIMITED
344,PIIND,Commodities,Fertilizers & Agrochemicals,517.53,PI Industries Limited
345,PNCINFRA,Industrials,Construction,112.79,PNC Infratech Limited
346,PVRINOX,Consumer Discretionary,Entertainment,140.77,PVR INOX Limited
347,PNBHOUSING,Financial Services,Finance,212.96,PNB Housing Finance Limited
348,PAGEIND,Consumer Discretionary,Textiles & Apparels,412.85,Page Industries Limited
349,PERSISTENT,Information Technology,IT - Software,638.15,Persistent Systems Limited
350,PATANJALI,Fast Moving Consumer Goods,Agricultural Food & other Products,568.46,Patanjali Foods Limited
351,PFIZER,Healthcare,Pharmaceuticals & Biotechnology,209.44,Pfizer Limited
352,PETRONET,Energy,Gas,398.55,Petronet LNG Limited
353,PHOENIXLTD,Consumer Discretionary,Realty,419.95,The Phoenix Mills Limited
354,PIDILITIND,Commodities,Chemicals & Petrochemicals,1276.84,Pidilite Industries Limited
355,PEL,Financial Services,Finance,201.02,Piramal Enterprises Limited
356,PPLPHARMA,Healthcare,Pharmaceuticals & Biotechnology,183.03,Piramal Pharma Limited
357,POLYCAB,Industrials,Industrial Products,640.32,Polycab India Limited
358,POLYMED,Healthcare,Healthcare Equipment & Supplies,142.02,Poly Medicure Limited
359,POLYPLEX,Industrials,Industrial Products,31.91,Polyplex Corporation Limited
360,POONAWALLA,Financial Services,Finance,366.05,Poonawalla Fincorp Limited
361,PFC,Financial Services,Finance,1471.02,Power Finance Corporation Limited
362,POWERGRID,Utilities,Power,2472.1,Power Grid Corporation of India Limited
363,PRAJIND,Industrials,Industrial Manufacturing,91.32,Praj Industries Limited
364,PRESTIGE,Consumer Discretionary,Realty,497.75,Prestige Estates Projects Limited
365,PGHL,Healthcare,Pharmaceuticals & Biotechnology,85.84,Procter & Gamble Health Limited
366,PRINCEPIPE,Industrials,Industrial Products,77.63,Prince Pipes And Fittings Limited
367,PGHH,Fast Moving Consumer Goods,Personal Products,552.62,Procter & Gamble Hygiene and Health Care Limited
368,PRSMJOHNSN,Commodities,Cement & Cement Products,86.1,Prism Johnson Limited
369,QUESS,Services,Commercial Services & Supplies,75.32,Quess Corp Limited
370,PNB,Financial Services,Banks,1308.66,Punjab National Bank
371,RHIM,Industrials,Industrial Products,149.77,RHI MAGNESITA INDIA LIMITED
372,RITES,Industrials,Construction,168.94,RITES Limited
373,RECLTD,Financial Services,Finance,1301.47,REC Limited
374,RBLBANK,Financial Services,Banks,160.9,RBL Bank Limited
375,RADICO,Fast Moving Consumer Goods,Beverages,224.06,Radico Khaitan Limited
376,RVNL,Industrials,Construction,620.4,Rail Vikas Nigam Limited
377,RAINBOW,Healthcare,Healthcare Services,120.95,Rainbow Childrens Medicare Limited
378,RAJESHEXPO,Consumer Discretionary,Consumer Durables,105.61,Rajesh Exports Limited
379,RAIN,Commodities,Chemicals & Petrochemicals,58.57,Rain Industries Limited
380,RALLIS,Commodities,Fertilizers & Agrochemicals,50.49,Rallis India Limited
381,RTNINDIA,Services,Commercial Services & Supplies,119.7,RattanIndia Enterprises Limited
382,RATNAMANI,Industrials,Industrial Products,234.85,Ratnamani Metals & Tubes Limited
383,RCF,Commodities,Fertilizers & Agrochemicals,95.94,Rashtriya Chemicals and Fertilizers Limited
384,RAYMOND,Consumer Discretionary,Textiles & Apparels,117.97,Raymond Limited
385,RELIANCE,Energy,Petroleum Products,19304.54,Reliance Industries Limited
386,RELAXO,Consumer Discretionary,Consumer Durables,210.85,Relaxo Footwears Limited
387,RBA,Consumer Discretionary,Leisure Services,58.17,Restaurant Brands Asia Limited
388,REDINGTON,Services,Commercial Services & Supplies,140.88,Redington Limited
389,ROSSARI,Commodities,Chemicals & Petrochemicals,43.75,Rossari Biotech Limited
390,SBICARD,Financial Services,Finance,676.91,SBI Cards and Payment Services Limited
391,ROUTE,Telecommunication,Telecom - Services,98.89,ROUTE MOBILE LIMITED
392,SBILIFE,Financial Services,Insurance,1434.53,SBI Life Insurance Company Limited
393,SAFARI,Consumer Discretionary,Consumer Durables,96.04,Safari Industries (India) Limited
394,SJVN,Utilities,Power,501.25,SJVN Limited
395,SRF,Commodities,Chemicals & Petrochemicals,684.28,SRF Limited
396,SKFINDIA,Industrials,Industrial Products,227.03,SKF India Limited
397,SANOFI,Healthcare,Pharmaceuticals & Biotechnology,202.4,Sanofi India Limited
398,MOTHERSON,Consumer Discretionary,Auto Components,780.64,Samvardhana Motherson International Limited
399,SAREGAMA,Consumer Discretionary,Entertainment,68.38,Saregama India Limited
400,SAPPHIRE,Consumer Discretionary,Leisure Services,91.84,Sapphire Foods India Limited
401,SHARDACROP,Commodities,Fertilizers & Agrochemicals,35.36,Sharda Cropchem Limited
402,SCHAEFFLER,Consumer Discretionary,Auto Components,486.64,Schaeffler India Limited
403,SFL,Consumer Discretionary,Consumer Durables,123.55,Sheela Foam Limited
404,SHOPERSTOP,Consumer Discretionary,Retailing,82.17,Shoppers Stop Limited
405,SHREECEM,Commodities,Cement & Cement Products,1068.48,SHREE CEMENT LIMITED
406,RENUKA,Fast Moving Consumer Goods,Agricultural Food & other Products,100.25,Shree Renuka Sugars Limited
407,SHRIRAMFIN,Financial Services,Finance,900.51,Shriram Finance Limited
408,SHYAMMETL,Commodities,Ferrous Metals,196.02,Shyam Metalics and Energy Limited
409,SIEMENS,Industrials,Electrical Equipment,1461.75,Siemens Limited
410,SOBHA,Consumer Discretionary,Realty,135.71,Sobha Limited
411,SOLARINDS,Commodities,Chemicals & Petrochemicals,573.88,Solar Industries India Limited
412,SONACOMS,Consumer Discretionary,Auto Components,369.02,Sona BLW Precision Forgings Limited
413,STARHEALTH,Financial Services,Insurance,341.59,Star Health and Allied Insurance Company Limited
414,SBIN,Financial Services,Banks,5780.02,State Bank of India
415,SAIL,Commodities,Ferrous Metals,492.77,Steel Authority of India Limited
416,SONATSOFTW,Information Technology,IT - Software,214.43,Sonata Software Limited
417,SUMICHEM,Commodities,Fertilizers & Agrochemicals,201.03,Sumitomo Chemical India Limited
418,STLTECH,Telecommunication,Telecom - Services,56.81,Sterlite Technologies Limited
419,SWSOLAR,Industrials,Construction,133.58,Sterling and Wilson Renewable Energy Limited
420,SPARC,Healthcare,Pharmaceuticals & Biotechnology,120.28,Sun Pharma Advanced Research Company Limited
421,SUNTV,Consumer Discretionary,Entertainment,258.03,Sun TV Network Limited
422,SUNDARMFIN,Financial Services,Finance,391.47,Sundaram Finance Limited
423,SUNPHARMA,Healthcare,Pharmaceuticals & Biotechnology,3378.14,Sun Pharmaceutical Industries Limited
424,SUNDRMFAST,Consumer Discretionary,Auto Components,258.43,Sundram Fasteners Limited
425,SUPRAJIT,Consumer Discretionary,Auto Components,54.3,Suprajit Engineering Limited
426,SUPREMEIND,Industrials,Industrial Products,517.07,Supreme Industries Limited
427,SUNTECK,Consumer Discretionary,Realty,68.94,Sunteck Realty Limited
428,SUZLON,Industrials,Electrical Equipment,654.46,Suzlon Energy Limited
429,SWANENERGY,Consumer Discretionary,Realty,171.33,Swan Energy Limited
430,SYMPHONY,Consumer Discretionary,Consumer Durables,64.78,Symphony Limited
431,SUVENPHAR,Healthcare,Pharmaceuticals & Biotechnology,168.0,Suven Pharmaceuticals Limited
432,TTKPRESTIG,Consumer Discretionary,Consumer Durables,106.75,TTK Prestige Limited
433,SYNGENE,Healthcare,Healthcare Services,300.14,Syngene International Limited
434,SYRMA,Industrials,Industrial Manufacturing,103.83,Syrma SGS Technology Limited
435,TV18BRDCST,Consumer Discretionary,Entertainment,105.0,TV18 Broadcast Limited
436,TVSMOTOR,Consumer Discretionary,Automobiles,947.92,TVS Motor Company Limited
437,TATACOMM,Telecommunication,Telecom - Services,485.73,Tata Communications Limited
438,TANLA,Information Technology,IT - Software,136.67,Tanla Platforms Limited
439,TATACHEM,Commodities,Chemicals & Petrochemicals,258.55,Tata Chemicals Limited
440,TATACONSUM,Fast Moving Consumer Goods,Agricultural Food & other Products,1076.37,TATA CONSUMER PRODUCTS LIMITED
441,TCS,Information Technology,IT - Software,13944.65,Tata Consultancy Services Limited
442,TATAMTRDVR,Consumer Discretionary,Automobiles,296.2,Tata Motors Limited
443,TATAELXSI,Information Technology,IT - Software,475.85,Tata Elxsi Limited
444,TATAMOTORS,Consumer Discretionary,Automobiles,2919.12,Tata Motors Limited
445,TATAINVEST,Financial Services,Finance,292.2,Tata Investment Corporation Limited
446,TATAPOWER,Utilities,Power,1242.51,Tata Power Company Limited
447,TATASTEEL,Commodities,Ferrous Metals,1669.34,TATA Steel Limited
448,TTML,Telecommunication,Telecom - Services,177.51,Tata Teleservices (Maharashtra) Limited
449,TEAMLEASE,Services,Commercial Services & Supplies,49.65,Teamlease Services Limited
450,TEJASNET,Telecommunication,Telecom - Equipment & Accessories,131.05,Tejas Networks Limited
451,TECHM,Information Technology,IT - Software,1281.23,Tech Mahindra Limited
452,NIACL,Financial Services,Insurance,395.27,The New India Assurance Company Limited
453,TITAN,Consumer Discretionary,Consumer Durables,3220.4,Titan Company Limited
454,TIMKEN,Industrials,Industrial Products,250.63,Timken India Limited
455,RAMCOCEM,Commodities,Cement & Cement Products,233.23,The Ramco Cements Limited
456,THERMAX,Industrials,Electrical Equipment,373.7,Thermax Limited
457,TORNTPHARM,Healthcare,Pharmaceuticals & Biotechnology,850.34,Torrent Pharmaceuticals Limited
458,TORNTPOWER,Utilities,Power,505.46,Torrent Power Limited
459,TRIDENT,Consumer Discretionary,Textiles & Apparels,236.71,Trident Limited
460,TRENT,Consumer Discretionary,Retailing,1103.01,Trent Limited
461,UCOBANK,Financial Services,Banks,584.65,UCO Bank
462,TIINDIA,Consumer Discretionary,Auto Components,730.84,Tube Investments of India Limited
463,TRITURBINE,Industrials,Electrical Equipment,118.63,Triveni Turbine Limited
464,TRIVENI,Fast Moving Consumer Goods,Agricultural Food & other Products,73.76,Triveni Engineering & Industries Limited
465,UTIAMC,Financial Services,Capital Markets,117.68,UTI Asset Management Company Limited
466,UPL,Commodities,Fertilizers & Agrochemicals,397.86,UPL Limited
467,UNOMINDA,Consumer Discretionary,Auto Components,396.17,UNO Minda Limited
468,UJJIVANSFB,Financial Services,Banks,108.22,Ujjivan Small Finance Bank Limited
469,UNIONBANK,Financial Services,Banks,1071.84,Union Bank of India
470,ULTRACEMCO,Commodities,Cement & Cement Products,2864.45,UltraTech Cement Limited
471,UBL,Fast Moving Consumer Goods,Beverages,476.76,United Breweries Limited
472,MCDOWELL-N,Fast Moving Consumer Goods,Beverages,785.58,United Spirits Limited
473,USHAMART,Industrials,Industrial Products,109.97,Usha Martin Limited
474,VIPIND,Consumer Discretionary,Consumer Durables,75.09,VIP Industries Limited
475,VAIBHAVGBL,Consumer Discretionary,Consumer Durables,81.31,Vaibhav Global Limited
476,VMART,Consumer Discretionary,Retailing,42.26,V-Mart Retail Limited
477,VGUARD,Consumer Discretionary,Consumer Durables,129.73,V-Guard Industries Limited
478,VARROC,Consumer Discretionary,Auto Components,89.65,Varroc Engineering Limited
479,MANYAVAR,Consumer Discretionary,Retailing,238.42,Vedant Fashions Limited
480,VBL,Fast Moving Consumer Goods,Beverages,1668.98,Varun Beverages Limited
481,VTL,Consumer Discretionary,Textiles & Apparels,123.56,Vardhman Textiles Limited
482,VIJAYA,Healthcare,Healthcare Services,67.39,Vijaya Diagnostic Centre Limited
483,VINATIORGA,Commodities,Chemicals & Petrochemicals,176.88,Vinati Organics Limited
484,IDEA,Telecommunication,Telecom - Services,688.82,Vodafone Idea Limited
485,VEDL,Commodities,Diversified Metals,998.07,Vedanta Limited
486,VOLTAS,Consumer Discretionary,Consumer Durables,347.02,Voltas Limited
487,WELCORP,Industrials,Industrial Products,154.07,Welspun Corp Limited
488,WELSPUNLIV,Consumer Discretionary,Textiles & Apparels,158.55,Welspun Living Limited
489,WHIRLPOOL,Consumer Discretionary,Consumer Durables,170.63,Whirlpool of India Limited
490,WIPRO,Information Technology,IT - Software,2462.71,Wipro Limited
491,WESTLIFE,Consumer Discretionary,Leisure Services,129.12,WESTLIFE FOODWORLD LIMITED
492,ZFCVINDIA,Consumer Discretionary,Auto Components,292.54,ZF Commercial Vehicle Control Systems India Limited
493,YESBANK,Financial Services,Banks,687.44,Yes Bank Limited
494,ZEEL,Consumer Discretionary,Entertainment,163.82,Zee Entertainment Enterprises Limited
495,ZENSARTECH,Information Technology,IT - Software,128.35,Zensar Technologies Limited
496,ZYDUSWELL,Fast Moving Consumer Goods,Food Products,101.77,Zydus Wellness Limited
497,ECLERX,Services,Commercial Services & Supplies,135.42,eClerx Services Limited
498,ZOMATO,Consumer Discretionary,Retailing,1224.32,Zomato Limited
499,ZYDUSLIFE,Healthcare,Pharmaceuticals & Biotechnology,768.82,Zydus Lifesciences Limited
