Date,Open,High,Low,Close,Volume,Dividends,Stock Splits,Symbol
2021-03-04 00:00:00+05:30,12.157044007154896,14.172844265448871,12.046917397316044,12.286323547363281,8315650,0.0,0.0,BCLIND.NS
2021-03-05 00:00:00+05:30,12.386873932646719,12.669372334161189,11.491494578255708,11.673442840576172,1118750,0.0,0.0,BCLIND.NS
2021-03-08 00:00:00+05:30,11.539376217872208,11.601621412907429,10.912132382044561,11.199419021606445,756020,0.0,0.0,BCLIND.NS
2021-03-09 00:00:00+05:30,11.659078701217377,11.951153558487764,11.027046664813376,11.295181274414062,755550,0.0,0.0,BCLIND.NS
2021-03-10 00:00:00+05:30,11.769206695001955,11.769206695001955,10.988743021475246,11.477130889892578,414770,0.0,0.0,BCLIND.NS
2021-03-12 00:00:00+05:30,11.615986750275507,11.683020181432152,11.0318360608456,11.132386207580566,395300,0.0,0.0,BCLIND.NS
2021-03-15 00:00:00+05:30,11.132386155391979,11.2903941804219,10.945649647609889,10.98874282836914,257650,0.0,0.0,BCLIND.NS
2021-03-16 00:00:00+05:30,11.204208708489176,11.261666591817521,10.825947430222982,10.845099449157715,276830,0.0,0.0,BCLIND.NS
2021-03-17 00:00:00+05:30,10.629632787695671,10.993529310197113,10.246582422715418,10.371073722839355,401940,0.0,0.0,BCLIND.NS
2021-03-18 00:00:00+05:30,10.26094833763703,10.581752634004895,9.767771310903735,9.925779342651367,579110,0.0,0.0,BCLIND.NS
2021-03-19 00:00:00+05:30,9.62891595274149,9.925779076795047,9.408661812811483,9.63370418548584,639880,0.0,0.0,BCLIND.NS
2021-03-22 00:00:00+05:30,9.767770151863493,11.285605088414329,9.648067084038543,10.93607234954834,1228950,0.0,0.0,BCLIND.NS
2021-03-23 00:00:00+05:30,11.031835169113073,11.481918046586292,10.749335855985237,10.93607234954834,497240,0.0,0.0,BCLIND.NS
2021-03-24 00:00:00+05:30,10.91691930246533,10.91691930246533,10.30882841855895,10.452471733093262,229200,0.0,0.0,BCLIND.NS
2021-03-25 00:00:00+05:30,10.572175555421587,10.572175555421587,9.887473819784658,9.992813110351562,462320,0.0,0.0,BCLIND.NS
2021-03-26 00:00:00+05:30,10.505142252580567,10.505142252580567,9.815652276015394,9.940143585205078,213410,0.0,0.0,BCLIND.NS
2021-03-30 00:00:00+05:30,10.447684180339794,10.82115810098579,10.002388597755484,10.189126014709473,303100,0.0,0.0,BCLIND.NS
2021-03-31 00:00:00+05:30,10.375861895871264,10.414166840824278,10.102939048923293,10.256158828735352,192070,0.0,0.0,BCLIND.NS
2021-04-01 00:00:00+05:30,10.15560917279352,10.509931103869024,10.150821853120815,10.213067054748535,389450,0.0,0.0,BCLIND.NS
2021-04-05 00:00:00+05:30,10.34234655094674,10.34234655094674,9.384721887215784,9.700737953186035,872900,0.0,0.0,BCLIND.NS
2021-04-06 00:00:00+05:30,9.844380881003845,10.14603314905177,9.772559216841676,9.916202545166016,537680,0.0,0.0,BCLIND.NS
2021-04-07 00:00:00+05:30,9.863533359345256,10.246582826145046,9.863533359345256,9.930566787719727,220400,0.0,0.0,BCLIND.NS
2021-04-08 00:00:00+05:30,9.873111406106002,11.462768317897673,9.873111406106002,11.228150367736816,1442570,0.0,0.0,BCLIND.NS
2021-04-09 00:00:00+05:30,11.625564236039262,12.20492674362859,10.97437914503591,11.984673500061035,4358050,0.0,0.0,BCLIND.NS
2021-04-12 00:00:00+05:30,11.76920635472654,12.042129220932388,10.342345912967762,10.476412773132324,3066280,0.0,0.0,BCLIND.NS
2021-04-13 00:00:00+05:30,10.553023996531913,11.750054799409197,10.490777883355559,11.36700439453125,3979430,0.0,0.0,BCLIND.NS
2021-04-15 00:00:00+05:30,11.491494990212113,12.449119572729789,11.185055416050286,12.109163284301758,9883310,0.0,0.0,BCLIND.NS
2021-04-16 00:00:00+05:30,12.353357571832525,12.865687524737627,12.12352787590588,12.559247016906738,9024820,0.0,0.0,BCLIND.NS
2021-04-19 00:00:00+05:30,12.080434023363923,12.113950738002144,11.213784022279428,11.773994445800781,1384580,0.0,0.0,BCLIND.NS
2021-04-20 00:00:00+05:30,11.817087986560747,12.176197219961441,11.501071934229097,11.558528900146484,1230960,0.0,0.0,BCLIND.NS
2021-04-22 00:00:00+05:30,11.568104469049791,11.912848977623165,11.103656891952921,11.673442840576172,1365740,0.0,0.0,BCLIND.NS
2021-04-23 00:00:00+05:30,11.764417538751708,11.879332376021067,11.491494686079237,11.563316345214844,693770,0.0,0.0,BCLIND.NS
2021-04-26 00:00:00+05:30,11.864968709578454,11.864968709578454,11.443613388825382,11.481918334960938,684200,0.0,0.0,BCLIND.NS
2021-04-27 00:00:00+05:30,11.587257282519998,11.898485074916781,11.544164105221467,11.726112365722656,570280,0.0,0.0,BCLIND.NS
2021-04-28 00:00:00+05:30,11.912848973147298,12.157043342434916,11.587257394025745,11.64471435546875,853060,0.0,0.0,BCLIND.NS
2021-04-29 00:00:00+05:30,11.649504121386572,11.94636817212893,11.395733254030398,11.520224571228027,567410,0.0,0.0,BCLIND.NS
2021-04-30 00:00:00+05:30,11.539376144873213,12.056493371380016,11.362215199219627,11.620774269104004,1732730,0.0,0.0,BCLIND.NS
2021-05-03 00:00:00+05:30,11.620775401045652,12.348570357617557,11.496284086374509,12.022977828979492,1751960,0.0,0.0,BCLIND.NS
2021-05-04 00:00:00+05:30,11.970306732660358,12.439542537397783,11.683019188424124,11.726112365722656,1654310,0.0,0.0,BCLIND.NS
2021-05-05 00:00:00+05:30,11.91763822680143,11.960731408207673,11.630351568442492,11.702173233032227,509800,0.0,0.0,BCLIND.NS
2021-05-06 00:00:00+05:30,11.836240889664143,12.257596266472211,11.515436580627439,12.066071510314941,1330000,0.0,0.0,BCLIND.NS
2021-05-07 00:00:00+05:30,12.252806676683395,12.607127664656655,11.826664027261577,11.970307350158691,2370980,0.0,0.0,BCLIND.NS
2021-05-10 00:00:00+05:30,12.075645714688473,13.885556513101536,11.98946026898859,13.497718811035156,6948520,0.0,0.0,BCLIND.NS
2021-05-11 00:00:00+05:30,13.694032802998171,14.881487160684426,13.215220473615453,14.038777351379395,7062110,0.0,0.0,BCLIND.NS
2021-05-12 00:00:00+05:30,14.239878129809062,14.512801003070404,13.512083192270808,13.770642280578613,2545100,0.0,0.0,BCLIND.NS
2021-05-14 00:00:00+05:30,14.077081512391384,14.153691407738826,12.597551424443171,13.052423477172852,2262270,0.0,0.0,BCLIND.NS
2021-05-17 00:00:00+05:30,13.234372884512952,13.593482142203532,13.19606793355644,13.512084007263184,761230,0.0,0.0,BCLIND.NS
2021-05-18 00:00:00+05:30,13.526448305061813,14.455344479777658,13.430685473880452,14.038777351379395,1395430,0.0,0.0,BCLIND.NS
2021-05-19 00:00:00+05:30,14.191997312884881,14.426615247372824,13.603058360195023,13.674880027770996,683070,0.0,0.0,BCLIND.NS
2021-05-20 00:00:00+05:30,13.837677018219706,13.93822808869327,13.32534793925745,13.382805824279785,888510,0.0,0.0,BCLIND.NS
2021-05-21 00:00:00+05:30,13.215220382952847,15.216656052163753,13.215220382952847,14.886275291442871,6395140,0.0,0.0,BCLIND.NS
2021-05-24 00:00:00+05:30,15.32199449131061,15.724196919768477,14.962885245420518,15.341147422790527,5887800,0.0,0.0,BCLIND.NS
2021-05-25 00:00:00+05:30,15.417757402610274,15.700256750578388,14.99640204047456,15.202291488647461,1405060,0.0,0.0,BCLIND.NS
2021-05-26 00:00:00+05:30,15.283689611223197,15.283689611223197,14.632504550132786,14.804877281188965,795800,0.0,0.0,BCLIND.NS
2021-05-27 00:00:00+05:30,14.891063121541674,14.934156302785915,14.330852678628542,14.393097877502441,1042840,0.0,0.0,BCLIND.NS
2021-05-28 00:00:00+05:30,14.393097776577429,14.699538275861265,14.077081725176916,14.134539604187012,578730,0.0,0.0,BCLIND.NS
2021-05-31 00:00:00+05:30,14.436190834497468,16.375381220579275,14.436190834497468,15.829535484313965,7933190,0.0,0.0,BCLIND.NS
2021-06-01 00:00:00+05:30,16.07851680803751,16.528599681621376,15.07300995108262,16.159914016723633,3473160,0.0,0.0,BCLIND.NS
2021-06-02 00:00:00+05:30,16.375379800203614,16.519023114152343,15.834321430255429,16.044998168945312,1119570,0.0,0.0,BCLIND.NS
2021-06-03 00:00:00+05:30,16.3849567002103,17.71605424552128,16.28440473390189,17.356945037841797,7378870,0.0,0.0,BCLIND.NS
2021-06-04 00:00:00+05:30,17.519743587225687,17.60114080826421,16.949957560383663,17.198938369750977,1388670,0.0,0.0,BCLIND.NS
2021-06-07 00:00:00+05:30,17.89800375755982,17.89800375755982,17.141479469140528,17.309064865112305,1913430,0.0,0.0,BCLIND.NS
2021-06-08 00:00:00+05:30,17.428770190474406,17.85012374143968,16.700975202637817,17.49101448059082,2509370,0.0,0.0,BCLIND.NS
2021-06-09 00:00:00+05:30,17.811817830586236,19.248254722947642,17.620292180995133,18.228384017944336,9937490,0.0,0.0,BCLIND.NS
2021-06-10 00:00:00+05:30,18.3863934627451,20.11490437020996,18.3863934627451,18.980119705200195,5852630,0.0,0.0,BCLIND.NS
2021-06-11 00:00:00+05:30,19.152493684443947,19.76537289785843,18.769444176059896,18.90351104736328,2355760,0.0,0.0,BCLIND.NS
2021-06-14 00:00:00+05:30,19.008848314007313,19.008848314007313,17.716054763274396,18.616222381591797,1596050,0.0,0.0,BCLIND.NS
2021-06-15 00:00:00+05:30,18.668894151070926,18.788597237422557,17.725633246132354,17.941099166870117,1894400,0.0,0.0,BCLIND.NS
2021-06-16 00:00:00+05:30,18.075162647644753,18.41990805614043,17.581986608898617,17.89800262451172,1318770,0.0,0.0,BCLIND.NS
2021-06-17 00:00:00+05:30,17.811816772749047,21.431636357544715,17.711266634621136,20.909730911254883,13179790,0.0,0.0,BCLIND.NS
2021-06-18 00:00:00+05:30,21.5465538339611,22.025366141382456,19.028001900595317,20.617658615112305,7984570,0.0,0.0,BCLIND.NS
2021-06-21 00:00:00+05:30,20.01435289443883,22.50896442935693,19.69833686339857,21.99663543701172,6008220,0.0,0.0,BCLIND.NS
2021-06-22 00:00:00+05:30,22.03494187286562,22.695703346527917,21.35502746917857,21.560916900634766,2249600,0.0,0.0,BCLIND.NS
2021-06-23 00:00:00+05:30,21.422064458378536,22.274349821708892,21.422064458378536,21.781173706054688,1849420,0.0,0.0,BCLIND.NS
2021-06-24 00:00:00+05:30,21.94875562938475,22.178585311315214,21.09647033057712,21.450790405273438,1546980,0.0,0.0,BCLIND.NS
2021-06-25 00:00:00+05:30,21.50825011535196,24.8024796300186,21.45558229056884,24.371549606323242,11314620,0.0,0.0,BCLIND.NS
2021-06-28 00:00:00+05:30,24.802478126722313,26.047391270499123,24.414641311555982,24.7833251953125,5254140,0.0,0.0,BCLIND.NS
2021-06-29 00:00:00+05:30,24.792901598212378,25.83192529301183,24.783325132531733,25.348323822021484,1911490,0.0,0.0,BCLIND.NS
2021-06-30 00:00:00+05:30,25.515908054141743,26.48789644432146,25.377052047966362,25.764890670776367,2580750,0.0,0.0,BCLIND.NS
2021-07-01 00:00:00+05:30,25.846289601641015,26.71772790446128,25.48239303102807,26.440017700195312,1972320,0.0,0.0,BCLIND.NS
2021-07-02 00:00:00+05:30,26.717728985193908,27.742387130406442,26.138366475278286,26.813491821289062,3249180,0.0,0.0,BCLIND.NS
2021-07-05 00:00:00+05:30,27.206115666881225,27.38806485850755,23.94540313522924,25.391416549682617,2257220,0.0,0.0,BCLIND.NS
2021-07-06 00:00:00+05:30,25.83671106632429,25.83671106632429,23.98849531062413,24.227901458740234,3125960,0.0,0.0,BCLIND.NS
2021-07-07 00:00:00+05:30,24.40985131195406,24.821630190246896,23.27506665019925,24.247055053710938,4073570,0.0,0.0,BCLIND.NS
2021-07-08 00:00:00+05:30,24.591799531288554,26.717725443470442,24.56785928206935,26.143150329589844,6204630,0.0,0.0,BCLIND.NS
2021-07-09 00:00:00+05:30,26.81349037668888,26.909253207624726,25.195104196097702,25.63561248779297,2291820,0.0,0.0,BCLIND.NS
2021-07-12 00:00:00+05:30,25.855862662146517,26.229335649445442,24.903025438148767,25.037094116210938,1560060,0.0,0.0,BCLIND.NS
2021-07-13 00:00:00+05:30,25.468024990100876,25.64997417131714,24.898239023834808,25.008365631103516,962630,0.0,0.0,BCLIND.NS
2021-07-14 00:00:00+05:30,25.324382236884937,25.324382236884937,24.577436218387394,24.79768943786621,884660,0.0,0.0,BCLIND.NS
2021-07-15 00:00:00+05:30,25.080188406905414,26.272429993058154,24.79768908110806,25.750524520874023,2769690,0.0,0.0,BCLIND.NS
2021-07-16 00:00:00+05:30,25.922896458013508,25.946836706626588,25.108915219501537,25.21904182434082,1000170,0.0,0.0,BCLIND.NS
2021-07-19 00:00:00+05:30,24.610953807860813,25.855865100614103,24.572647945795033,24.994003295898438,1473540,0.0,0.0,BCLIND.NS
2021-07-20 00:00:00+05:30,25.089768800672836,25.353115237630103,23.346890247785044,23.993288040161133,1577450,0.0,0.0,BCLIND.NS
2021-07-22 00:00:00+05:30,24.792899979123074,24.792899979123074,23.993284325510228,24.16565704345703,966790,0.0,0.0,BCLIND.NS
2021-07-23 00:00:00+05:30,24.505615089889837,24.505615089889837,23.653329730651343,23.820913314819336,724100,0.0,0.0,BCLIND.NS
2021-07-26 00:00:00+05:30,24.51519189537101,24.51519189537101,23.46180439400866,23.773033142089844,645590,0.0,0.0,BCLIND.NS
2021-07-27 00:00:00+05:30,23.849641278074632,25.846287688787285,23.705996127111273,25.42014503479004,2612350,0.0,0.0,BCLIND.NS
2021-07-28 00:00:00+05:30,25.836711706004337,26.05696492935856,24.41942771243282,25.094552993774414,1965400,0.0,0.0,BCLIND.NS
2021-07-29 00:00:00+05:30,25.367477280927254,25.76489239558052,24.429005542996023,24.62531852722168,1259820,0.0,0.0,BCLIND.NS
2021-07-30 00:00:00+05:30,24.898241010381938,25.338747474603295,24.70671534892322,25.180740356445312,969160,0.0,0.0,BCLIND.NS
2021-08-02 00:00:00+05:30,25.463239271543443,25.472815737106707,24.706714930762146,24.941333770751953,828270,0.0,0.0,BCLIND.NS
2021-08-03 00:00:00+05:30,25.08497622158547,25.15679879752956,23.940615111499625,24.40506362915039,973670,0.0,0.0,BCLIND.NS
2021-08-04 00:00:00+05:30,24.582223434099852,25.377051775127804,24.45294389455312,24.567859649658203,1840450,0.0,0.0,BCLIND.NS
2021-08-05 00:00:00+05:30,24.79768938744277,24.79768938744277,23.366039810693632,23.77781867980957,1259890,0.0,0.0,BCLIND.NS
2021-08-06 00:00:00+05:30,24.041164963897103,24.462520296156143,23.524048633577156,23.8879451751709,1288970,0.0,0.0,BCLIND.NS
2021-08-09 00:00:00+05:30,23.94061718079748,26.487898702712403,23.94061718079748,26.114425659179688,6873790,0.0,0.0,BCLIND.NS
2021-08-10 00:00:00+05:30,26.2245491778324,27.340180856735476,24.232690136999217,24.496036529541016,9234600,0.0,0.0,BCLIND.NS
2021-08-11 00:00:00+05:30,24.467309554213685,24.467309554213685,21.450792213170423,23.035661697387695,6164250,0.0,0.0,BCLIND.NS
2021-08-12 00:00:00+05:30,23.04523547986545,23.93582661028289,23.04523547986545,23.749088287353516,1724230,0.0,0.0,BCLIND.NS
2021-08-13 00:00:00+05:30,23.892733548361807,24.87908567807528,22.930319840865497,23.356462478637695,1606330,0.0,0.0,BCLIND.NS
2021-08-16 00:00:00+05:30,23.50010831312704,23.94061474775422,23.011719553089982,23.15057373046875,1322250,0.0,0.0,BCLIND.NS
2021-08-17 00:00:00+05:30,23.174516860213615,23.68205674696923,22.255196262304594,22.671762466430664,1296660,0.0,0.0,BCLIND.NS
2021-08-18 00:00:00+05:30,22.714854084095816,23.02608279915034,21.546552769266423,21.776382446289062,1373390,0.0,0.0,BCLIND.NS
2021-08-20 00:00:00+05:30,21.536978380787776,22.116340861629745,20.684693018011195,21.158716201782227,2077170,0.0,0.0,BCLIND.NS
2021-08-23 00:00:00+05:30,21.345453162456117,21.757230205244696,18.415120577986166,19.30571174621582,2458040,0.0,0.0,BCLIND.NS
2021-08-24 00:00:00+05:30,19.631304079060424,20.924097639815535,19.344017432903268,20.488378524780273,1350270,0.0,0.0,BCLIND.NS
2021-08-25 00:00:00+05:30,20.71341933304537,22.824981506931177,20.59371625782163,21.685409545898438,2217160,0.0,0.0,BCLIND.NS
2021-08-26 00:00:00+05:30,21.64231559884708,22.216890704865374,21.59443327453994,21.833839416503906,1097080,0.0,0.0,BCLIND.NS
2021-08-27 00:00:00+05:30,22.02536773740391,22.259986588712092,21.833842069947266,22.08282470703125,447970,0.0,0.0,BCLIND.NS
2021-08-30 00:00:00+05:30,22.18337307282585,22.465870555186317,22.08761025469961,22.14506721496582,493460,0.0,0.0,BCLIND.NS
2021-08-31 00:00:00+05:30,22.31265288315441,22.31265288315441,20.981555247765186,21.18744468688965,857140,0.0,0.0,BCLIND.NS
2021-09-01 00:00:00+05:30,21.42206227432608,21.6087987718354,21.177866987949354,21.264053344726562,529960,0.0,0.0,BCLIND.NS
2021-09-02 00:00:00+05:30,21.21138480062649,21.929603259969536,21.21138480062649,21.58007049560547,606500,0.0,0.0,BCLIND.NS
2021-09-03 00:00:00+05:30,21.81468910946753,21.81468910946753,20.45486210042216,21.46036720275879,865800,0.0,0.0,BCLIND.NS
2021-09-06 00:00:00+05:30,21.45079005558847,22.28392423721333,21.393333092673487,22.00621223449707,994600,0.0,0.0,BCLIND.NS
2021-09-07 00:00:00+05:30,21.704562822589715,22.1211290195878,21.651893176407103,21.86735725402832,386730,0.0,0.0,BCLIND.NS
2021-09-08 00:00:00+05:30,22.06845845232221,22.83934652913125,21.39333319852792,22.236042022705078,691380,0.0,0.0,BCLIND.NS
2021-09-09 00:00:00+05:30,22.40841512847397,23.749089194420897,22.293501200077237,23.26548957824707,1717660,0.0,0.0,BCLIND.NS
2021-09-13 00:00:00+05:30,23.17451411832223,23.653326378398937,22.70527649610609,22.987775802612305,881880,0.0,0.0,BCLIND.NS
2021-09-14 00:00:00+05:30,23.136210388305088,23.72514930317323,22.887227770986822,22.99256706237793,830060,0.0,0.0,BCLIND.NS
2021-09-15 00:00:00+05:30,23.17451502241043,23.413921161788537,22.98298938029839,23.18408966064453,693820,0.0,0.0,BCLIND.NS
2021-09-16 00:00:00+05:30,23.437861845038302,23.576717846818195,22.80104062575226,22.968626022338867,648850,0.0,0.0,BCLIND.NS
2021-09-17 00:00:00+05:30,23.145786202223835,23.366039417548922,22.21689101594589,22.748371124267578,777970,0.0,0.0,BCLIND.NS
2021-09-20 00:00:00+05:30,22.978254175498815,23.066293613649044,22.10764402689739,22.440237045288086,515610,0.5,0.0,BCLIND.NS
2021-09-21 00:00:00+05:30,22.49892716919712,22.533164517799644,21.43267351495848,22.07829475402832,697730,0.0,0.0,BCLIND.NS
2021-09-22 00:00:00+05:30,22.107643065982348,22.978253176742452,22.009821264978864,22.728809356689453,396930,0.0,0.0,BCLIND.NS
2021-09-23 00:00:00+05:30,22.792393426349275,23.124986451952292,22.21524681520261,22.317960739135742,508020,0.0,0.0,BCLIND.NS
2021-09-24 00:00:00+05:30,22.606532489734985,25.12054287767192,22.508710689086975,23.883102416992188,3845690,0.0,0.0,BCLIND.NS
2021-09-27 00:00:00+05:30,23.892882507241122,24.112981088467837,22.885323015529806,23.340192794799805,979910,0.0,0.0,BCLIND.NS
2021-09-28 00:00:00+05:30,23.526052829331753,23.530944945606784,22.52827567572886,22.777719497680664,721020,0.0,0.0,BCLIND.NS
2021-09-29 00:00:00+05:30,22.777719960454302,23.173897425975237,22.596750836310736,22.699462890625,394200,0.0,0.0,BCLIND.NS
2021-09-30 00:00:00+05:30,22.699459243585164,23.046724818546558,22.601637455566276,22.792388916015625,354120,0.0,0.0,BCLIND.NS
2021-10-01 00:00:00+05:30,22.69457149315949,22.88043085848922,22.36686874707543,22.45001792907715,310050,0.0,0.0,BCLIND.NS
2021-10-04 00:00:00+05:30,22.870649589832635,23.203242602212892,22.577186045165682,22.83152198791504,496070,0.0,0.0,BCLIND.NS
2021-10-05 00:00:00+05:30,22.547837969153342,23.56028957999872,22.49892800242285,23.164113998413086,916460,0.0,0.0,BCLIND.NS
2021-10-06 00:00:00+05:30,23.770603866260924,24.23036572571621,23.281496775467115,23.69723892211914,1339760,0.0,0.0,BCLIND.NS
2021-10-07 00:00:00+05:30,23.966249448201545,24.249932480109102,23.39888525018207,23.521162033081055,401060,0.0,0.0,BCLIND.NS
2021-10-08 00:00:00+05:30,23.858644974000992,25.335748716235702,23.491814630042573,24.714582443237305,2691940,0.0,0.0,BCLIND.NS
2021-10-11 00:00:00+05:30,25.433571463845468,25.85909415629855,23.79017116303891,24.558069229125977,1556750,0.0,0.0,BCLIND.NS
2021-10-12 00:00:00+05:30,24.528722548470924,25.824855282945816,24.152109846257257,25.546064376831055,1485740,0.0,0.0,BCLIND.NS
2021-10-13 00:00:00+05:30,25.908004462658337,25.912894712855273,25.05206701193516,25.546064376831055,1178690,0.0,0.0,BCLIND.NS
2021-10-14 00:00:00+05:30,25.72703372526902,25.824855522274476,24.72436450400316,25.01782989501953,884930,0.0,0.0,BCLIND.NS
2021-10-18 00:00:00+05:30,25.179234785081185,25.38955099988213,23.92222961241263,24.31840705871582,671930,0.0,0.0,BCLIND.NS
2021-10-19 00:00:00+05:30,24.259713775154506,24.651000985879335,22.890214135004697,23.271718978881836,798040,0.0,0.0,BCLIND.NS
2021-10-20 00:00:00+05:30,23.27171768800563,23.526051748754945,22.596749339320887,23.28639030456543,655780,0.0,0.0,BCLIND.NS
2021-10-21 00:00:00+05:30,23.23258876800537,23.39399501713342,22.79239160292491,22.988035202026367,514110,0.0,0.0,BCLIND.NS
2021-10-22 00:00:00+05:30,22.93912461993895,23.491814320855923,22.484254850153615,22.97336196899414,607590,0.0,0.0,BCLIND.NS
2021-10-25 00:00:00+05:30,23.0418357082441,23.37442868447882,22.02449204780955,22.68478775024414,503830,0.0,0.0,BCLIND.NS
2021-10-26 00:00:00+05:30,22.792391181756283,23.085856574985677,22.60163970234476,22.978252410888672,381480,0.0,0.0,BCLIND.NS
2021-10-27 00:00:00+05:30,23.4673585896411,23.4673585896411,22.82662761270809,23.17878532409668,326690,0.0,0.0,BCLIND.NS
2021-10-28 00:00:00+05:30,23.379319147454556,23.379319147454556,22.498926735318587,22.645658493041992,721370,0.0,0.0,BCLIND.NS
2021-10-29 00:00:00+05:30,22.11253445404047,24.245041989285006,22.11253445404047,22.890214920043945,2297770,0.0,0.0,BCLIND.NS
2021-11-01 00:00:00+05:30,23.648328225791342,23.648328225791342,22.70924346208779,22.924449920654297,960030,0.0,0.0,BCLIND.NS
2021-11-02 00:00:00+05:30,23.139658150331623,23.36953722432924,22.513599777962106,23.188568115234375,641950,0.0,0.0,BCLIND.NS
2021-11-03 00:00:00+05:30,23.349974421298686,23.384211769982766,22.79728286057693,23.012489318847656,737680,0.0,0.0,BCLIND.NS
2021-11-04 00:00:00+05:30,23.281498464539983,23.41844972863899,22.948905469406927,23.071182250976562,105010,0.0,0.0,BCLIND.NS
2021-11-08 00:00:00+05:30,23.389101723006775,23.389101723006775,22.694570526187466,22.738590240478516,346040,0.0,0.0,BCLIND.NS
2021-11-09 00:00:00+05:30,23.076074208631802,23.085856574985677,22.596749452065623,22.978252410888672,324420,0.0,0.0,BCLIND.NS
2021-11-10 00:00:00+05:30,22.97825160193749,23.946683447330006,22.557619192507346,23.40377426147461,1893470,0.0,0.0,BCLIND.NS
2021-11-11 00:00:00+05:30,23.477140653576626,23.565180080291178,22.81195470319801,22.90488624572754,401760,0.0,0.0,BCLIND.NS
2021-11-12 00:00:00+05:30,22.904887745556525,23.134766827434504,22.6701146817476,22.851085662841797,301860,0.0,0.0,BCLIND.NS
2021-11-15 00:00:00+05:30,23.379320733409884,23.379320733409884,22.034276109077982,22.50381851196289,425550,0.0,0.0,BCLIND.NS
2021-11-16 00:00:00+05:30,22.865757555233845,22.875539921398932,22.30328362841254,22.47936248779297,229800,0.0,0.0,BCLIND.NS
2021-11-17 00:00:00+05:30,22.117426570529947,23.42334180385508,22.117426570529947,22.890214920043945,985560,0.0,0.0,BCLIND.NS
2021-11-18 00:00:00+05:30,22.92934365405182,22.92934365405182,22.107643494951628,22.24948501586914,355560,0.0,0.0,BCLIND.NS
2021-11-22 00:00:00+05:30,22.107643300608856,22.259265321267524,20.54739031582341,20.777271270751953,408690,0.0,0.0,BCLIND.NS
2021-11-23 00:00:00+05:30,20.777270922440163,22.107642929994604,20.46913290420308,22.014711380004883,387490,0.0,0.0,BCLIND.NS
2021-11-24 00:00:00+05:30,22.019602073498522,22.934231836699,21.711464075170618,21.848413467407227,429240,0.0,0.0,BCLIND.NS
2021-11-25 00:00:00+05:30,22.19568413572779,22.8804330616145,22.048952356308913,22.723918914794922,303420,0.0,0.0,BCLIND.NS
2021-11-26 00:00:00+05:30,22.205464251017126,22.65055166073059,22.009820654437217,22.136987686157227,413580,0.0,0.0,BCLIND.NS
2021-11-29 00:00:00+05:30,22.029384780857345,22.112532094347884,17.93066665827703,21.012041091918945,510420,0.0,0.0,BCLIND.NS
2021-11-30 00:00:00+05:30,21.902217930335677,21.902217930335677,21.129429591186426,21.325071334838867,170290,0.0,0.0,BCLIND.NS
2021-12-01 00:00:00+05:30,21.765268523199396,21.951129765595592,21.090300122978498,21.325071334838867,145960,0.0,0.0,BCLIND.NS
2021-12-02 00:00:00+05:30,21.52071532320281,22.489147288851445,21.388656164369483,22.2690486907959,490230,0.0,0.0,BCLIND.NS
2021-12-03 00:00:00+05:30,22.205464404692776,23.42823222729049,22.205464404692776,23.340192794799805,841120,0.0,0.0,BCLIND.NS
2021-12-06 00:00:00+05:30,23.46736022540434,25.531392942009706,23.09563962198036,24.372209548950195,3621830,0.0,0.0,BCLIND.NS
2021-12-07 00:00:00+05:30,25.629214841345505,25.629214841345505,24.553178761906604,25.086305618286133,1394370,0.0,0.0,BCLIND.NS
2021-12-08 00:00:00+05:30,25.335749253017397,25.619432287270783,24.949354168070464,25.438461303710938,1657180,0.0,0.0,BCLIND.NS
2021-12-09 00:00:00+05:30,25.438461407389845,29.248606457349005,25.042285820015596,29.087202072143555,8614790,0.0,0.0,BCLIND.NS
2021-12-10 00:00:00+05:30,29.34642669866284,31.30285514524036,29.24860490317485,30.25127410888672,8276090,0.0,0.0,BCLIND.NS
2021-12-13 00:00:00+05:30,31.205033145812305,32.77017626600446,30.823530198277574,31.93380355834961,5589810,0.0,0.0,BCLIND.NS
2021-12-14 00:00:00+05:30,32.08542773312381,32.34954603730042,29.737713827299377,29.938247680664062,2831940,0.0,0.0,BCLIND.NS
2021-12-15 00:00:00+05:30,30.79907548426003,30.79907548426003,28.85731964975578,29.096982955932617,1753010,0.0,0.0,BCLIND.NS
2021-12-16 00:00:00+05:30,29.53228709626787,34.20815162429674,28.329082217321595,33.78262710571289,8601450,0.0,0.0,BCLIND.NS
2021-12-17 00:00:00+05:30,34.60921896560657,35.098326058890365,31.997385147043815,32.354434967041016,6614780,0.0,0.0,BCLIND.NS
2021-12-20 00:00:00+05:30,31.557190828846693,31.968042764243606,29.483377613370397,30.15345573425293,2968340,0.0,0.0,BCLIND.NS
2021-12-21 00:00:00+05:30,30.32464099327051,33.650570852910825,30.32464099327051,32.33976364135742,4081660,0.0,0.0,BCLIND.NS
2021-12-22 00:00:00+05:30,33.327757995620466,34.242389629719064,32.45714794160984,33.26417541503906,3486450,0.0,0.0,BCLIND.NS
2021-12-23 00:00:00+05:30,33.836431005277575,33.87556047079993,32.30552704972987,32.49138641357422,2827440,0.0,0.0,BCLIND.NS
2021-12-24 00:00:00+05:30,32.378890292639426,33.401126127798385,32.08542676295819,32.183250427246094,1384120,0.0,0.0,BCLIND.NS
2021-12-27 00:00:00+05:30,32.036512489990315,33.2397154120525,31.439801278618418,32.34954071044922,1570860,0.0,0.0,BCLIND.NS
2021-12-28 00:00:00+05:30,32.951148338485424,33.357104416027276,32.217487651344726,32.40334701538086,1364480,0.0,0.0,BCLIND.NS
2021-12-29 00:00:00+05:30,32.564753670400606,33.06364130201074,31.79196350800865,31.968042373657227,841280,0.0,0.0,BCLIND.NS
2021-12-30 00:00:00+05:30,32.569641639290275,32.569641639290275,31.645229472228777,31.91423988342285,671010,0.0,0.0,BCLIND.NS
2021-12-31 00:00:00+05:30,32.178359968230076,32.217489435960296,30.71592876323812,30.887117385864258,1353650,0.0,0.0,BCLIND.NS
2022-01-03 00:00:00+05:30,30.813748631154382,31.49849934705383,30.813748631154382,30.975154876708984,814320,0.0,0.0,BCLIND.NS
2022-01-04 00:00:00+05:30,31.205035648030762,32.48649585249696,29.943140177262237,31.86043930053711,721800,0.0,0.0,BCLIND.NS
2022-01-05 00:00:00+05:30,31.86043764982038,31.88978288305078,30.27083950225928,31.288183212280273,558210,0.0,0.0,BCLIND.NS
2022-01-06 00:00:00+05:30,31.302854366024484,32.28106856496275,30.32464016708622,31.69902992248535,638650,0.0,0.0,BCLIND.NS
2022-01-07 00:00:00+05:30,32.2321608716475,32.52562440568125,31.791963704801223,32.06097412109375,556760,0.0,0.0,BCLIND.NS
2022-01-10 00:00:00+05:30,33.25928689217466,33.66035461425781,32.37889251121579,33.66035461425781,877310,0.0,0.0,BCLIND.NS
2022-01-11 00:00:00+05:30,35.0151756545476,35.34288024902344,33.660350623384105,35.34288024902344,798880,0.0,0.0,BCLIND.NS
2022-01-12 00:00:00+05:30,37.10856246948242,37.10856246948242,36.20371121633908,37.10856246948242,958120,0.0,0.0,BCLIND.NS
2022-01-13 00:00:00+05:30,38.962276458740234,38.962276458740234,36.19392826262432,38.962276458740234,1201430,0.0,0.0,BCLIND.NS
2022-01-14 00:00:00+05:30,40.90891647338867,40.90891647338867,40.90891647338867,40.90891647338867,322350,0.0,0.0,BCLIND.NS
2022-01-17 00:00:00+05:30,42.95338821411133,42.95338821411133,42.95338821411133,42.95338821411133,1150930,0.0,0.0,BCLIND.NS
2022-01-18 00:00:00+05:30,45.100569673733965,45.100569673733965,40.94315891532423,44.54298782348633,3006570,0.0,0.0,BCLIND.NS
2022-01-19 00:00:00+05:30,44.410926747613786,46.76842285087207,42.552318250914425,46.6314697265625,1530840,0.0,0.0,BCLIND.NS
2022-01-20 00:00:00+05:30,46.76353372152698,48.793329088757794,46.56299800395974,47.6341438293457,1432400,0.0,0.0,BCLIND.NS
2022-01-21 00:00:00+05:30,47.63414261150359,47.731962543879995,45.25708168516286,45.42826843261719,1897570,0.0,0.0,BCLIND.NS
2022-01-24 00:00:00+05:30,45.9760716796505,45.9760716796505,43.1588134765625,43.1588134765625,510280,0.0,0.0,BCLIND.NS
2022-01-25 00:00:00+05:30,41.00184945250344,43.23706877007902,41.00184945250344,41.608341217041016,851880,0.0,0.0,BCLIND.NS
2022-01-27 00:00:00+05:30,39.52963915001079,43.687049865722656,39.52963915001079,43.687049865722656,811060,0.0,0.0,BCLIND.NS
2022-01-28 00:00:00+05:30,44.99785246067529,45.868462487316414,42.552317000855986,45.79998779296875,1079460,0.0,0.0,BCLIND.NS
2022-01-31 00:00:00+05:30,46.954283770798774,48.089012145996094,46.46517664818629,48.089012145996094,1819080,0.0,0.0,BCLIND.NS
2022-02-01 00:00:00+05:30,50.084571170881354,50.084571170881354,45.687499089586076,46.69016647338867,1767780,0.0,0.0,BCLIND.NS
2022-02-02 00:00:00+05:30,47.345570622869616,48.279763279949904,46.17171279067783,46.9249382019043,847840,0.0,0.0,BCLIND.NS
2022-02-03 00:00:00+05:30,47.63903489557087,47.63903489557087,44.582115353139365,45.12013244628906,1028700,0.0,0.0,BCLIND.NS
2022-02-04 00:00:00+05:30,45.68260588443108,47.374916076660156,44.1370255896652,47.374916076660156,2126480,0.0,0.0,BCLIND.NS
2022-02-07 00:00:00+05:30,47.149927069424635,47.384696397110034,45.00763549764605,45.77064514160156,1077150,0.0,0.0,BCLIND.NS
2022-02-08 00:00:00+05:30,46.636362303609985,46.636362303609985,43.486515045166016,43.486515045166016,1036410,0.0,0.0,BCLIND.NS
2022-02-09 00:00:00+05:30,43.91692808619969,44.782646033563246,41.613234033746664,43.13435745239258,355310,0.0,0.0,BCLIND.NS
2022-02-10 00:00:00+05:30,43.237070223247805,44.851121482866255,41.28064174012882,44.30821228027344,411160,0.0,0.0,BCLIND.NS
2022-02-11 00:00:00+05:30,43.33488912854947,44.117459756946694,42.39091225853532,43.75062942504883,273000,0.0,0.0,BCLIND.NS
2022-02-14 00:00:00+05:30,41.730621879790704,42.85067770084157,41.564327239990234,41.564327239990234,578380,0.0,0.0,BCLIND.NS
2022-02-15 00:00:00+05:30,39.81331811414751,43.628351200365756,39.495397757398244,43.051204681396484,591900,0.0,0.0,BCLIND.NS
2022-02-16 00:00:00+05:30,43.33489152749858,44.70439300170042,40.89914007854854,42.205055236816406,594770,0.0,0.0,BCLIND.NS
2022-02-17 00:00:00+05:30,42.0681080064032,43.36913111559477,40.52252758486465,41.187713623046875,246440,0.0,0.0,BCLIND.NS
2022-02-18 00:00:00+05:30,40.121458922053286,41.36868364733309,39.81821487723696,40.542091369628906,176260,0.0,0.0,BCLIND.NS
2022-02-21 00:00:00+05:30,39.61767552114565,40.59588973154431,38.639461310746995,39.12367630004883,285390,0.0,0.0,BCLIND.NS
2022-02-22 00:00:00+05:30,37.421587710952736,38.15035629272461,37.172142028808594,37.172142028808594,558200,0.0,0.0,BCLIND.NS
2022-02-23 00:00:00+05:30,37.920476127822845,38.91336302917531,37.1721427975066,38.21393966674805,220740,0.0,0.0,BCLIND.NS
2022-02-24 00:00:00+05:30,36.536300399295,37.65635615274221,36.30642318725586,36.30642318725586,437660,0.0,0.0,BCLIND.NS
2022-02-25 00:00:00+05:30,37.17214457749079,37.56343180252204,35.411359528033216,36.2966423034668,672640,0.0,0.0,BCLIND.NS
2022-02-28 00:00:00+05:30,34.53096183542473,36.87867749792475,34.48205186987081,36.526519775390625,542480,0.0,0.0,BCLIND.NS
2022-03-02 00:00:00+05:30,35.50917620541915,38.35089111328125,35.21571267940899,38.35089111328125,638150,0.0,0.0,BCLIND.NS
2022-03-03 00:00:00+05:30,39.70571628049035,40.26819021664489,39.11878922721069,40.08721923828125,666090,0.0,0.0,BCLIND.NS
2022-03-04 00:00:00+05:30,39.51985569571168,42.053430656509114,38.24817423360719,41.08010482788086,442390,0.0,0.0,BCLIND.NS
2022-03-07 00:00:00+05:30,40.67903736935189,40.67903736935189,39.13346084498197,39.57365798950195,539030,0.0,0.0,BCLIND.NS
2022-03-08 00:00:00+05:30,40.302427149481616,40.59589067308933,37.68081270628253,39.09922409057617,418880,0.0,0.0,BCLIND.NS
2022-03-09 00:00:00+05:30,40.40024981045669,40.85022749250469,39.61767911741856,40.630130767822266,392990,0.0,0.0,BCLIND.NS
2022-03-10 00:00:00+05:30,42.0534355306871,42.65992736816406,41.08500170572336,42.65992736816406,530930,0.0,0.0,BCLIND.NS
2022-03-11 00:00:00+05:30,44.79243384500787,44.79243384500787,41.71105729688556,43.882694244384766,596650,0.0,0.0,BCLIND.NS
2022-03-14 00:00:00+05:30,43.53053393988482,46.07388948643262,42.55231969404471,45.956504821777344,1362370,0.0,0.0,BCLIND.NS
2022-03-15 00:00:00+05:30,46.367358281508714,46.367358281508714,43.75063210192694,44.43538284301758,691430,0.0,0.0,BCLIND.NS
2022-03-16 00:00:00+05:30,45.78042306149928,46.26953015346314,44.60656529446781,45.79998779296875,469010,0.0,0.0,BCLIND.NS
2022-03-17 00:00:00+05:30,46.45050433337176,46.46517695009088,44.01964132113873,45.25218963623047,325690,0.0,0.0,BCLIND.NS
2022-03-21 00:00:00+05:30,45.87825145843229,47.51186752319336,45.29132064848648,47.51186752319336,857660,0.0,0.0,BCLIND.NS
2022-03-22 00:00:00+05:30,49.60407810180483,49.8840217590332,48.13068964333538,49.8840217590332,1226040,0.2,0.0,BCLIND.NS
2022-03-23 00:00:00+05:30,51.568600269542756,52.05972979591935,49.117864982089394,49.633548736572266,676630,0.0,0.0,BCLIND.NS
2022-03-24 00:00:00+05:30,50.5666942912249,51.548953318825276,49.65319309579488,50.20817184448242,339550,0.0,0.0,BCLIND.NS
2022-03-25 00:00:00+05:30,50.19343194896344,50.88101397847403,47.69849700888424,48.81827163696289,586500,0.0,0.0,BCLIND.NS
2022-03-28 00:00:00+05:30,49.11295114457828,49.80053321000654,46.3773599157061,47.62974166870117,378630,0.0,0.0,BCLIND.NS
2022-03-29 00:00:00+05:30,47.8360138727104,48.45483808959043,45.47859078260982,46.11214828491211,729670,0.0,0.0,BCLIND.NS
2022-03-30 00:00:00+05:30,46.53451912627694,47.934237421832066,44.29987845042847,44.7517204284668,827660,0.0,0.0,BCLIND.NS
2022-03-31 00:00:00+05:30,45.7339814336454,46.60327901981396,43.34709170935915,43.71543884277344,946030,0.0,0.0,BCLIND.NS
2022-04-01 00:00:00+05:30,44.58964795789739,45.900962829589844,44.044493910650736,45.900962829589844,541960,0.0,0.0,BCLIND.NS
2022-04-04 00:00:00+05:30,47.93423627807858,48.19453430175781,45.96971836711617,48.19453430175781,900200,0.0,0.0,BCLIND.NS
2022-04-05 00:00:00+05:30,50.60106831135748,50.60106831135748,48.6218171617703,50.532310485839844,1782120,0.0,0.0,BCLIND.NS
2022-04-06 00:00:00+05:30,49.898757326684006,49.898757326684006,48.62182135366859,48.94596862792969,1084250,0.0,0.0,BCLIND.NS
2022-04-07 00:00:00+05:30,48.91649517902231,48.91649517902231,46.50013905051751,46.78008270263672,1316540,0.0,0.0,BCLIND.NS
2022-04-08 00:00:00+05:30,47.718147199451316,47.929329301388776,45.18391701195013,47.33015441894531,445510,0.0,0.0,BCLIND.NS
2022-04-11 00:00:00+05:30,48.03246623467455,48.62182013139837,46.67203543165636,47.448020935058594,310180,0.0,0.0,BCLIND.NS
2022-04-12 00:00:00+05:30,47.92932670013442,48.52359669987392,46.460850526110086,47.08458709716797,175850,0.0,0.0,BCLIND.NS
2022-04-13 00:00:00+05:30,47.08458919742867,47.23683815205919,46.31842458578841,46.43629837036133,305780,0.0,0.0,BCLIND.NS
2022-04-18 00:00:00+05:30,45.68486263844569,46.95197759772641,44.496330194633806,44.82538604736328,401790,0.0,0.0,BCLIND.NS
2022-04-19 00:00:00+05:30,44.88923534004878,46.313511585217334,42.63004047548172,44.84503173828125,424100,0.0,0.0,BCLIND.NS
2022-04-20 00:00:00+05:30,45.183911783854164,46.36262327544578,45.183911783854164,46.04338836669922,135980,0.0,0.0,BCLIND.NS
2022-04-21 00:00:00+05:30,46.06794828043656,47.0993194739047,45.67504318434361,46.75061798095703,273130,0.0,0.0,BCLIND.NS
2022-04-22 00:00:00+05:30,46.65729946130041,47.63955839732779,45.47858798866346,45.76835632324219,349870,0.0,0.0,BCLIND.NS
2022-04-25 00:00:00+05:30,43.710524585586036,48.05210747619119,43.710524585586036,47.929325103759766,667570,0.0,0.0,BCLIND.NS
2022-04-26 00:00:00+05:30,49.59916734881473,49.99698479333665,46.85866757588774,47.644474029541016,454810,0.0,0.0,BCLIND.NS
2022-04-27 00:00:00+05:30,47.536423668519156,47.536423668519156,46.06794754623704,46.843929290771484,305830,0.0,0.0,BCLIND.NS
2022-04-28 00:00:00+05:30,47.14843193299671,47.93423838247584,46.26930967960355,46.50014114379883,219510,0.0,0.0,BCLIND.NS
2022-04-29 00:00:00+05:30,47.44310995106895,47.63956250461585,46.171086317814655,46.52470016479492,195550,0.0,0.0,BCLIND.NS
2022-05-02 00:00:00+05:30,45.96972112794234,45.96972112794234,44.33425896955945,45.360721588134766,325260,0.0,0.0,BCLIND.NS
2022-05-04 00:00:00+05:30,44.79592351816593,46.06795093615549,43.21939819282033,43.81857681274414,219380,0.0,0.0,BCLIND.NS
2022-05-05 00:00:00+05:30,45.08569145824211,45.08569145824211,43.21939778246374,43.661415100097656,174390,0.0,0.0,BCLIND.NS
2022-05-06 00:00:00+05:30,41.94245787601259,43.705610891078855,41.50044059951308,42.53672409057617,414620,0.0,0.0,BCLIND.NS
2022-05-09 00:00:00+05:30,42.72335238270614,42.72826472666807,40.960199349451436,41.318721771240234,215920,0.0,0.0,BCLIND.NS
2022-05-10 00:00:00+05:30,41.31872599549782,41.31872599549782,39.25598346902881,39.30509567260742,317020,0.0,0.0,BCLIND.NS
2022-05-11 00:00:00+05:30,38.33265596770878,39.75201981163866,37.340572357177734,37.340572357177734,417960,0.0,0.0,BCLIND.NS
2022-05-12 00:00:00+05:30,35.47428512573242,36.44180708483584,35.47428512573242,35.47428512573242,442180,0.0,0.0,BCLIND.NS
2022-05-13 00:00:00+05:30,35.474287852830436,37.24726202147796,33.89285015546221,35.798431396484375,810000,0.0,0.0,BCLIND.NS
2022-05-16 00:00:00+05:30,36.431982948609345,37.58613641296925,34.89474911069358,37.43388748168945,401190,0.0,0.0,BCLIND.NS
2022-05-17 00:00:00+05:30,38.18531838446103,39.093907204333455,38.18531838446103,39.03988265991211,324690,0.0,0.0,BCLIND.NS
2022-05-18 00:00:00+05:30,40.27261550997839,40.763744967417146,38.99567967004169,40.631141662597656,251400,0.0,0.0,BCLIND.NS
2022-05-19 00:00:00+05:30,38.65680171413287,40.14492346953574,38.60277717046301,38.823787689208984,224470,0.0,0.0,BCLIND.NS
2022-05-20 00:00:00+05:30,39.29527000358273,40.66552167660756,39.29527000358273,39.99758529663086,216280,0.0,0.0,BCLIND.NS
2022-05-23 00:00:00+05:30,40.26770749821112,40.26770749821112,37.99869155883789,37.99869155883789,302150,0.0,0.0,BCLIND.NS
2022-05-24 00:00:00+05:30,36.88382328047326,37.81205769997217,36.10292920410964,36.14712905883789,373940,0.0,0.0,BCLIND.NS
2022-05-25 00:00:00+05:30,36.829801598077005,37.30128548689767,34.33977508544922,34.33977508544922,266960,0.0,0.0,BCLIND.NS
2022-05-26 00:00:00+05:30,34.8554632101311,36.05382045778824,32.62573470282818,36.00961685180664,854010,0.0,0.0,BCLIND.NS
2022-05-27 00:00:00+05:30,37.22761505938739,37.80714797973633,36.156952672540044,37.80714797973633,351260,0.0,0.0,BCLIND.NS
2022-05-30 00:00:00+05:30,39.19213355525615,39.19213355525615,35.92120945723838,35.97032165527344,351780,0.0,0.0,BCLIND.NS
2022-05-31 00:00:00+05:30,34.96842044789729,36.24536020199482,34.21208428182164,35.115760803222656,200290,0.0,0.0,BCLIND.NS
2022-06-01 00:00:00+05:30,36.269911857283034,36.34358202972037,35.066646113215405,36.304290771484375,123240,0.0,0.0,BCLIND.NS
2022-06-02 00:00:00+05:30,36.33866864247632,37.62051686621669,34.492024522645266,36.60879135131836,223690,0.0,0.0,BCLIND.NS
2022-06-03 00:00:00+05:30,36.540035397919176,37.031164895883094,35.616709543653776,35.90156555175781,137890,0.0,0.0,BCLIND.NS
2022-06-06 00:00:00+05:30,35.366236066502566,37.69418882905981,34.59516290743715,37.60578536987305,451660,0.0,0.0,BCLIND.NS
2022-06-07 00:00:00+05:30,38.07726642605626,38.07726642605626,36.54003256551548,37.281639099121094,170300,0.0,0.0,BCLIND.NS
2022-06-08 00:00:00+05:30,37.68927646974695,37.68927646974695,36.34358270002011,36.540035247802734,123970,0.0,0.0,BCLIND.NS
2022-06-09 00:00:00+05:30,37.080276756599304,37.212880071145726,36.343582516401966,36.48109817504883,136970,0.0,0.0,BCLIND.NS
2022-06-10 00:00:00+05:30,36.39269678963338,38.30319032829082,35.513574496605216,37.26690673828125,320750,0.0,0.0,BCLIND.NS
2022-06-13 00:00:00+05:30,36.24535956643151,37.26690610596745,35.852454457134044,35.945770263671875,151980,0.0,0.0,BCLIND.NS
2022-06-14 00:00:00+05:30,36.54003516886842,36.54003516886842,34.89966070750086,35.45463943481445,124170,0.0,0.0,BCLIND.NS
2022-06-15 00:00:00+05:30,35.8229851865255,37.2227034440355,34.3790633277149,37.036075592041016,241630,0.0,0.0,BCLIND.NS
2022-06-16 00:00:00+05:30,37.32584050323634,38.18531709377139,35.51357152186157,35.77878189086914,286760,0.0,0.0,BCLIND.NS
2022-06-17 00:00:00+05:30,35.07155908295296,36.284645789711654,34.187524491974266,35.493927001953125,187600,0.0,0.0,BCLIND.NS
2022-06-20 00:00:00+05:30,34.943863742712935,35.5577756013445,33.74059425158269,33.84373474121094,261370,0.0,0.0,BCLIND.NS
2022-06-21 00:00:00+05:30,34.2366370053889,35.53321858600714,34.2366370053889,35.24345397949219,164790,0.0,0.0,BCLIND.NS
2022-06-22 00:00:00+05:30,36.04890304921336,36.04890304921336,35.071556474719394,35.55777359008789,185830,0.0,0.0,BCLIND.NS
2022-06-23 00:00:00+05:30,35.803339437559316,37.227615662898266,35.36132216114095,36.6480827331543,242110,0.0,0.0,BCLIND.NS
2022-06-24 00:00:00+05:30,37.31602286924777,37.62052077592862,36.957496668163095,37.325843811035156,154660,0.0,0.0,BCLIND.NS
2022-06-27 00:00:00+05:30,37.63034168122427,38.769761912065576,37.13429986286484,38.3915901184082,280580,0.0,0.0,BCLIND.NS
2022-06-28 00:00:00+05:30,38.39159167413166,38.504553106521485,37.424065970736905,37.91519546508789,94700,0.0,0.0,BCLIND.NS
2022-06-29 00:00:00+05:30,37.620518462928175,38.50455305027689,37.33566245733574,37.87590789794922,135120,0.0,0.0,BCLIND.NS
2022-06-30 00:00:00+05:30,38.16076195252947,38.30810230636228,37.53211677061506,37.846439361572266,51130,0.0,0.0,BCLIND.NS
2022-07-01 00:00:00+05:30,37.64998817974436,37.64998817974436,36.89364832197498,37.31110763549805,49770,0.0,0.0,BCLIND.NS
2022-07-04 00:00:00+05:30,37.5959614631607,37.79732259224614,35.87209601850345,37.22270202636719,113110,0.0,0.0,BCLIND.NS
2022-07-05 00:00:00+05:30,36.44180775980073,38.701006479649166,36.44180775980073,37.841529846191406,174160,0.0,0.0,BCLIND.NS
2022-07-06 00:00:00+05:30,37.83661788570599,37.841530229969955,36.93293763919758,37.63034439086914,59510,0.0,0.0,BCLIND.NS
2022-07-07 00:00:00+05:30,37.630343103232576,38.200051366671595,36.93293637542491,37.50756072998047,79250,0.0,0.0,BCLIND.NS
2022-07-08 00:00:00+05:30,37.890640650406404,37.890640650406404,36.72666241793555,36.982051849365234,158730,0.0,0.0,BCLIND.NS
2022-07-11 00:00:00+05:30,37.6205185467827,37.6205185467827,35.87209874459661,37.21779251098633,112760,0.0,0.0,BCLIND.NS
2022-07-12 00:00:00+05:30,37.325842481126216,38.79923100011804,35.557777007740185,37.90046310424805,454180,0.0,0.0,BCLIND.NS
2022-07-13 00:00:00+05:30,38.30810263852148,38.494730507576506,37.33566453823906,37.61560821533203,68440,0.0,0.0,BCLIND.NS
2022-07-14 00:00:00+05:30,37.92993231864678,38.30318803473943,36.59405950078494,37.83661651611328,182720,0.0,0.0,BCLIND.NS
2022-07-15 00:00:00+05:30,38.20987733690217,39.084087264265825,37.48300401417216,37.97904586791992,2038110,0.0,0.0,BCLIND.NS
2022-07-18 00:00:00+05:30,38.72064678184486,38.72064678184486,37.82679126941779,37.98886489868164,162960,0.0,0.0,BCLIND.NS
2022-07-19 00:00:00+05:30,38.234432804166744,38.234432804166744,36.937851156832366,37.365135192871094,173420,0.0,0.0,BCLIND.NS
2022-07-20 00:00:00+05:30,37.286550326031346,38.00851128252535,36.93784883455193,37.56649398803711,357940,0.0,0.0,BCLIND.NS
2022-07-21 00:00:00+05:30,38.04289153106515,38.3081019170565,37.659811111417916,38.05762481689453,511010,0.0,0.0,BCLIND.NS
2022-07-22 00:00:00+05:30,38.40141592632552,38.40141592632552,37.22270440386257,38.087093353271484,191280,0.0,0.0,BCLIND.NS
2022-07-25 00:00:00+05:30,38.72555805022021,38.72555805022021,36.44180526000123,36.9182014465332,222740,0.0,0.0,BCLIND.NS
2022-07-26 00:00:00+05:30,37.42406577682532,37.48791500885335,36.34358239365991,36.44180679321289,137950,0.0,0.0,BCLIND.NS
2022-07-27 00:00:00+05:30,36.829800440156575,37.26199680158635,35.813162517189056,37.104835510253906,155900,0.0,0.0,BCLIND.NS
2022-07-28 00:00:00+05:30,37.13921239283608,38.308099198953684,36.834710768224696,37.404422760009766,160200,0.0,0.0,BCLIND.NS
2022-07-29 00:00:00+05:30,37.910289313417984,38.70100815009037,36.775777560311,38.101829528808594,982250,0.0,0.0,BCLIND.NS
2022-08-01 00:00:00+05:30,38.686266990458336,38.686266990458336,37.340573281832235,38.02324295043945,335160,0.0,0.0,BCLIND.NS
2022-08-02 00:00:00+05:30,37.91519641964052,39.92391805055836,37.91028782242832,39.33456039428711,703490,0.0,0.0,BCLIND.NS
2022-08-03 00:00:00+05:30,39.388585930037166,39.77167010240377,38.01342552487353,38.6224250793457,296080,0.0,0.0,BCLIND.NS
2022-08-04 00:00:00+05:30,39.167578023750416,40.41013507187711,38.80414323921622,39.62432861328125,1940370,0.0,0.0,BCLIND.NS
2022-08-05 00:00:00+05:30,39.63414928760031,39.96811749863055,38.258988931079855,38.828697204589844,1401680,0.0,0.0,BCLIND.NS
2022-08-08 00:00:00+05:30,38.79923295661035,38.897457364021236,37.104837573136386,37.89064407348633,1390710,0.0,0.0,BCLIND.NS
2022-08-10 00:00:00+05:30,37.35040013725807,37.532115654960016,35.999794006347656,35.999794006347656,764320,0.0,0.0,BCLIND.NS
2022-08-11 00:00:00+05:30,35.99979410653948,37.69418939486177,35.26800844844553,37.45353698730469,693390,0.0,0.0,BCLIND.NS
2022-08-12 00:00:00+05:30,37.81697124876671,38.30810074550394,37.070456062415225,37.9741325378418,381310,0.0,0.0,BCLIND.NS
2022-08-16 00:00:00+05:30,36.078372955322266,36.078372955322266,36.078372955322266,36.078372955322266,272290,0.0,0.0,BCLIND.NS
2022-08-17 00:00:00+05:30,34.27592849731445,34.87019474687934,34.27592849731445,34.27592849731445,1442630,0.0,0.0,BCLIND.NS
2022-08-18 00:00:00+05:30,33.49502986578204,35.985056241098754,33.49502986578204,35.74440383911133,1445570,0.0,0.0,BCLIND.NS
2022-08-19 00:00:00+05:30,36.048904049019605,36.14712844476076,34.28083869653521,35.562686920166016,1069140,0.0,0.0,BCLIND.NS
2022-08-22 00:00:00+05:30,35.36132272143509,35.92612237541768,34.48711284256735,34.771968841552734,362500,0.0,0.0,BCLIND.NS
2022-08-23 00:00:00+05:30,34.77196982662396,36.431986174702395,34.38397707501856,36.19133377075195,496880,0.0,0.0,BCLIND.NS
2022-08-24 00:00:00+05:30,37.129389492054706,37.44862441681531,35.970323570998836,37.02625274658203,992790,0.0,0.0,BCLIND.NS
2022-08-25 00:00:00+05:30,37.37004322279952,37.925021976184595,36.471279052673545,36.80033493041992,505440,0.0,0.0,BCLIND.NS
2022-08-26 00:00:00+05:30,37.32584284294681,38.209877461719664,35.96050340163604,36.25518035888672,334700,0.0,0.0,BCLIND.NS
2022-08-29 00:00:00+05:30,35.656001896899014,36.02434903167487,35.066647980065966,35.228721618652344,353040,0.0,0.0,BCLIND.NS
2022-08-30 00:00:00+05:30,36.0489065904085,36.073460817564566,35.45954893335128,35.78860855102539,179190,0.0,0.0,BCLIND.NS
2022-09-01 00:00:00+05:30,35.950677352651404,36.048905499365056,34.61971687760187,35.047000885009766,212670,0.0,0.0,BCLIND.NS
2022-09-02 00:00:00+05:30,34.95859793431217,36.58914772323877,34.953685590149966,35.94085693359375,353000,0.0,0.0,BCLIND.NS
2022-09-05 00:00:00+05:30,36.14713271362815,36.40743076540109,35.29256837929298,35.37114715576172,283130,0.0,0.0,BCLIND.NS
2022-09-06 00:00:00+05:30,34.57552055014842,35.85245661156715,34.08439100752421,34.968421936035156,600220,0.0,0.0,BCLIND.NS
2022-09-07 00:00:00+05:30,35.45954930851765,35.45954930851765,34.57551843410983,34.860374450683594,229230,0.0,0.0,BCLIND.NS
2022-09-08 00:00:00+05:30,35.15995763918713,35.83280637503626,35.07155793001598,35.41043472290039,361710,0.0,0.0,BCLIND.NS
2022-09-09 00:00:00+05:30,35.852455299488426,36.0734620867728,34.678656035335344,34.845638275146484,570630,0.0,0.0,BCLIND.NS
2022-09-12 00:00:00+05:30,35.744405964063645,35.744405964063645,34.61481031317958,34.747413635253906,416360,0.0,0.0,BCLIND.NS
2022-09-13 00:00:00+05:30,35.15996084619556,35.15996084619556,34.37906670112574,34.477291107177734,295400,0.0,0.0,BCLIND.NS
2022-09-14 00:00:00+05:30,34.86528307430472,36.14713140283463,34.58533940181088,35.24836349487305,893650,0.0,0.0,BCLIND.NS
2022-09-15 00:00:00+05:30,35.75422963841911,35.85245404109325,34.600072298383736,34.74250030517578,399740,0.0,0.0,BCLIND.NS
2022-09-16 00:00:00+05:30,35.1648707512449,35.1648707512449,34.09420831265716,34.2906608581543,353760,0.0,0.0,BCLIND.NS
2022-09-19 00:00:00+05:30,34.672108311018306,35.07337404137425,33.94388937835377,34.627525329589844,355520,0.3,0.0,BCLIND.NS
2022-09-20 00:00:00+05:30,34.627525357694424,34.964388409149386,33.79032076374753,33.993431091308594,364110,0.0,0.0,BCLIND.NS
2022-09-21 00:00:00+05:30,33.68628943186405,34.62256982106616,33.36924230427708,33.562442779541016,396700,0.0,0.0,BCLIND.NS
2022-09-22 00:00:00+05:30,32.84908413633526,33.68628869722083,32.80945608087603,32.91843795776367,376640,0.0,0.0,BCLIND.NS
2022-09-23 00:00:00+05:30,33.02742194350851,33.48317668398434,32.21498826544302,32.472591400146484,275860,0.0,0.0,BCLIND.NS
2022-09-26 00:00:00+05:30,32.00197350949715,32.89367089866108,30.852676752074643,32.28434371948242,396050,0.0,0.0,BCLIND.NS
2022-09-27 00:00:00+05:30,33.00760928808528,33.53272167786053,31.407512614340856,32.3586540222168,280710,0.0,0.0,BCLIND.NS
2022-09-28 00:00:00+05:30,32.20012865615104,32.20012865615104,30.743692748013554,30.748645782470703,631470,0.0,0.0,BCLIND.NS
2022-09-29 00:00:00+05:30,31.39760374054885,31.957391136654273,30.32756874298226,31.526403427124023,669020,0.0,0.0,BCLIND.NS
2022-09-30 00:00:00+05:30,31.704741629056613,33.10173165590693,31.704741629056613,32.908531188964844,522840,0.0,0.0,BCLIND.NS
2022-10-03 00:00:00+05:30,33.19090389576388,34.36001663385526,32.160498808039264,33.260257720947266,510480,0.0,0.0,BCLIND.NS
2022-10-04 00:00:00+05:30,34.18167520341308,34.18167520341308,32.88376095825776,33.65656661987305,393010,0.0,0.0,BCLIND.NS
2022-10-06 00:00:00+05:30,34.047923432616344,34.36497056125544,33.35933256627529,33.933982849121094,322370,0.0,0.0,BCLIND.NS
2022-10-07 00:00:00+05:30,34.45413896878465,34.45413896878465,33.21071756520435,33.81013488769531,196670,0.0,0.0,BCLIND.NS
2022-10-10 00:00:00+05:30,33.98351835247021,34.280749542124546,33.21071650346902,33.47822570800781,436360,0.0,0.0,BCLIND.NS
2022-10-11 00:00:00+05:30,33.58721119782948,33.785362803645896,32.19517235612162,32.6311149597168,203510,0.0,0.0,BCLIND.NS
2022-10-12 00:00:00+05:30,32.631115411416054,33.15126905313384,31.694833187074554,32.53203582763672,268450,0.0,0.0,BCLIND.NS
2022-10-13 00:00:00+05:30,32.606347724194684,32.99770361409971,31.813729874798437,32.04656219482422,150880,0.0,0.0,BCLIND.NS
2022-10-14 00:00:00+05:30,32.705421933157496,32.705421933157496,31.5660350116554,31.892988204956055,207820,0.0,0.0,BCLIND.NS
2022-10-17 00:00:00+05:30,32.20012951628631,32.20012951628631,30.81800042658573,31.526403427124023,343220,0.0,0.0,BCLIND.NS
2022-10-18 00:00:00+05:30,32.53699158693457,32.541946511125644,31.511541490367726,31.724557876586914,189520,0.0,0.0,BCLIND.NS
2022-10-19 00:00:00+05:30,32.48745283942973,32.49735890805474,31.600710407254418,32.214988708496094,132150,0.0,0.0,BCLIND.NS
2022-10-20 00:00:00+05:30,32.695514326054926,33.948841770500415,32.695514326054926,33.16613006591797,1270540,0.0,0.0,BCLIND.NS
2022-10-21 00:00:00+05:30,33.87453411802168,33.87453411802168,31.714648254285894,32.86394500732422,483100,0.0,0.0,BCLIND.NS
2022-10-24 00:00:00+05:30,33.384104008617456,33.58721433691159,33.08191786815542,33.25530242919922,252200,0.0,0.0,BCLIND.NS
2022-10-25 00:00:00+05:30,33.443548525559486,33.443548525559486,32.40818862500038,32.89366912841797,194660,0.0,0.0,BCLIND.NS
2022-10-27 00:00:00+05:30,33.36428498665373,33.36428498665373,32.34874477815105,32.94816207885742,188980,0.0,0.0,BCLIND.NS
2022-10-28 00:00:00+05:30,33.517860053461106,33.517860053461106,31.897943712251312,32.244712829589844,292260,0.0,0.0,BCLIND.NS
2022-10-31 00:00:00+05:30,33.50299408218245,33.636750579443955,32.14563586921248,33.28502655029297,693760,0.0,0.0,BCLIND.NS
2022-11-01 00:00:00+05:30,33.95379669958732,33.95379669958732,33.24043881383712,33.32465362548828,364110,0.0,0.0,BCLIND.NS
2022-11-02 00:00:00+05:30,33.19090331777079,33.58225919849047,33.19090331777079,33.30484390258789,129500,0.0,0.0,BCLIND.NS
2022-11-03 00:00:00+05:30,33.38905861179464,33.4930893474199,32.85899508484693,32.93330383300781,207870,0.0,0.0,BCLIND.NS
2022-11-04 00:00:00+05:30,33.57730123698599,33.57730123698599,32.69551374376794,32.89366912841797,145410,0.0,0.0,BCLIND.NS
2022-11-07 00:00:00+05:30,32.6955157442075,33.18594742211066,32.63111684654339,32.868900299072266,304090,0.0,0.0,BCLIND.NS
2022-11-09 00:00:00+05:30,32.86890067022146,33.38410319585137,32.69551611339887,32.71533203125,223900,0.0,0.0,BCLIND.NS
2022-11-10 00:00:00+05:30,32.715331548743606,32.730192542037805,31.50658703415077,31.863265991210938,298770,0.0,0.0,BCLIND.NS
2022-11-11 00:00:00+05:30,32.49735949648437,32.49735949648437,30.813046227009497,31.37778663635254,376100,0.0,0.0,BCLIND.NS
2022-11-14 00:00:00+05:30,31.49668005483905,31.49668005483905,28.474820745441313,28.707653045654297,1373160,0.0,0.0,BCLIND.NS
2022-11-15 00:00:00+05:30,27.64257171728579,30.817999726471086,27.607894806697566,30.48609161376953,1423700,0.0,0.0,BCLIND.NS
2022-11-16 00:00:00+05:30,30.416738820216022,32.69551648607261,30.02042801767578,32.561763763427734,1213320,0.0,0.0,BCLIND.NS
2022-11-17 00:00:00+05:30,32.893670523116334,32.893670523116334,31.20935535142518,32.12086486816406,381830,0.0,0.0,BCLIND.NS
2022-11-18 00:00:00+05:30,32.09609959049747,32.829269672197846,30.81800120273604,32.462684631347656,575130,0.0,0.0,BCLIND.NS
2022-11-21 00:00:00+05:30,32.69551681954276,32.69551681954276,32.00692972221845,32.566715240478516,231090,0.0,0.0,BCLIND.NS
2022-11-22 00:00:00+05:30,32.88871671611905,33.1909028504006,31.70474302127818,31.8979434967041,338950,0.0,0.0,BCLIND.NS
2022-11-23 00:00:00+05:30,31.764189137516894,32.68560848643065,31.665109552983335,32.641021728515625,289260,0.0,0.0,BCLIND.NS
2022-11-24 00:00:00+05:30,32.69551399178449,33.28007030221153,32.26452631036383,33.002655029296875,373090,0.0,0.0,BCLIND.NS
2022-11-25 00:00:00+05:30,32.85403943762865,33.08191682200864,32.115914455669596,32.28929901123047,744880,0.0,0.0,BCLIND.NS
2022-11-28 00:00:00+05:30,32.40323959058862,32.71533179057332,31.942529897563666,32.44782257080078,339960,0.0,0.0,BCLIND.NS
2022-11-29 00:00:00+05:30,32.447821610462796,38.937385176655404,32.39828370741547,37.8227653503418,12115240,0.0,0.0,BCLIND.NS
2022-11-30 00:00:00+05:30,37.55030630429837,38.922525542046934,36.460453501723826,37.47104263305664,4136330,0.0,0.0,BCLIND.NS
2022-12-01 00:00:00+05:30,37.94661414505324,38.64015616546151,36.658609695437846,37.693965911865234,1877430,0.0,0.0,BCLIND.NS
2022-12-02 00:00:00+05:30,37.22830461899567,38.54107989568345,36.85676466028214,37.47599792480469,1393900,0.0,0.0,BCLIND.NS
2022-12-05 00:00:00+05:30,37.104456315584315,38.98692308829569,37.104456315584315,38.45685958862305,3325830,0.0,0.0,BCLIND.NS
2022-12-06 00:00:00+05:30,39.43277088270745,39.621020201369525,35.5241710816929,37.124271392822266,2844910,0.0,0.0,BCLIND.NS
2022-12-07 00:00:00+05:30,37.11436249853556,38.33796798328583,36.757683548219724,38.03578186035156,847820,0.0,0.0,BCLIND.NS
2022-12-08 00:00:00+05:30,37.74845649321374,39.33369584248895,37.46608628923811,38.402366638183594,1607130,0.0,0.0,BCLIND.NS
2022-12-09 00:00:00+05:30,38.48163211182227,40.066867755970506,37.84753785416299,38.42713928222656,1574500,0.0,0.0,BCLIND.NS
2022-12-12 00:00:00+05:30,38.144767071479414,39.531851022242186,38.01596550103009,38.61043167114258,812490,0.0,0.0,BCLIND.NS
2022-12-13 00:00:00+05:30,38.83335667300907,39.021602227182306,37.510675310357776,37.85249328613281,770090,0.0,0.0,BCLIND.NS
2022-12-14 00:00:00+05:30,37.6592875949516,39.77954541356131,37.614704615199194,38.783817291259766,3564070,0.0,0.0,BCLIND.NS
2022-12-15 00:00:00+05:30,38.83335678087396,39.07609516604789,38.05064501537441,38.22403335571289,491760,0.0,0.0,BCLIND.NS
2022-12-16 00:00:00+05:30,38.2240334481394,39.03646720331862,37.74845896654671,38.119998931884766,611640,0.0,0.0,BCLIND.NS
2022-12-19 00:00:00+05:30,37.946614593833026,39.27920582012396,35.71737478869205,36.27220916748047,1912930,0.0,0.0,BCLIND.NS
2022-12-20 00:00:00+05:30,36.31183861716342,36.65860771892088,34.31047633680668,35.81645202636719,1313260,0.0,0.0,BCLIND.NS
2022-12-21 00:00:00+05:30,35.66783376939469,36.31183783536418,33.78536325309899,34.696876525878906,786620,0.0,0.0,BCLIND.NS
2022-12-22 00:00:00+05:30,34.57798520737109,34.766230749391845,31.640340712075385,32.21994400024414,1298830,0.0,0.0,BCLIND.NS
2022-12-23 00:00:00+05:30,31.605665778975343,32.00197469452911,28.271714074144906,28.81168556213379,1995070,0.0,0.0,BCLIND.NS
2022-12-26 00:00:00+05:30,28.910761857097736,31.209355345244663,28.811684160591426,31.169723510742188,1139680,0.0,0.0,BCLIND.NS
2022-12-27 00:00:00+05:30,31.189539327970305,32.10105262110527,30.867539177544792,31.67006492614746,633860,0.0,0.0,BCLIND.NS
2022-12-28 00:00:00+05:30,31.60071085366161,32.10105236503523,30.82295406287278,31.24403190612793,649880,0.0,0.0,BCLIND.NS
2022-12-29 00:00:00+05:30,30.91212463093039,31.333202485507602,30.837815884946217,31.229171752929688,285230,0.0,0.0,BCLIND.NS
2022-12-30 00:00:00+05:30,32.00197351305996,32.20012890839621,31.357971312842018,31.570987701416016,1395470,0.0,0.0,BCLIND.NS
2023-01-02 00:00:00+05:30,31.897941717890053,32.4379150576991,31.48181691335131,32.110958099365234,383690,0.0,0.0,BCLIND.NS
2023-01-03 00:00:00+05:30,31.209355590080683,32.096098051656284,31.209355590080683,31.59575653076172,369080,0.0,0.0,BCLIND.NS
2023-01-04 00:00:00+05:30,31.704743169159688,31.704743169159688,30.82295560448742,31.080556869506836,467160,0.0,0.0,BCLIND.NS
2023-01-05 00:00:00+05:30,31.209356689453127,31.209356689453127,30.22849142026888,30.342430114746094,372470,0.0,0.0,BCLIND.NS
2023-01-06 00:00:00+05:30,30.342429757141016,30.93193914068406,29.906489012724762,30.654523849487305,480230,0.0,0.0,BCLIND.NS
2023-01-09 00:00:00+05:30,33.190902555831755,36.78245544433594,33.190902555831755,36.78245544433594,1869620,0.0,0.0,BCLIND.NS
2023-01-10 00:00:00+05:30,40.51271653518518,42.09300103731648,39.13554235818669,40.06686782836914,37419620,0.0,0.0,BCLIND.NS
2023-01-11 00:00:00+05:30,39.6309263606167,40.4235441319291,38.44199781389826,39.660648345947266,4968330,0.0,0.0,BCLIND.NS
2023-01-12 00:00:00+05:30,39.829082740403244,40.86939382738211,38.65006023292741,40.57216262817383,3897980,0.0,0.0,BCLIND.NS
2023-01-13 00:00:00+05:30,40.64151621082406,41.46385598313768,40.225389510767975,41.09727096557617,5304350,0.0,0.0,BCLIND.NS
2023-01-16 00:00:00+05:30,41.612474323986426,45.11981235265952,41.11708772489135,43.69805145263672,10542780,0.0,0.0,BCLIND.NS
2023-01-17 00:00:00+05:30,43.3859593661672,45.644921054345865,43.04414140248234,45.02073287963867,6473210,0.0,0.0,BCLIND.NS
2023-01-18 00:00:00+05:30,44.88202596098256,45.77372336781992,44.67396449255381,45.34769058227539,3493700,0.0,0.0,BCLIND.NS
2023-01-19 00:00:00+05:30,45.27338172105895,46.15021813215653,44.530301810399926,44.97615051269531,2285230,0.0,0.0,BCLIND.NS
2023-01-20 00:00:00+05:30,44.485718584136656,45.87279880866996,44.08940778884151,45.18421173095703,1416740,0.0,0.0,BCLIND.NS
2023-01-23 00:00:00+05:30,44.78790508720214,45.56566191134209,44.62937774416736,44.87211990356445,1119160,0.0,0.0,BCLIND.NS
2023-01-24 00:00:00+05:30,44.84239221473776,45.09999535662673,43.72777239342905,44.951377868652344,1645230,0.0,0.0,BCLIND.NS
2023-01-25 00:00:00+05:30,44.857257469830174,44.857257469830174,42.72709360994048,44.05968475341797,1094660,0.0,0.0,BCLIND.NS
2023-01-27 00:00:00+05:30,43.4949464000506,43.826854525716946,39.85880667298216,41.34001159667969,2034510,0.0,0.0,BCLIND.NS
2023-01-30 00:00:00+05:30,41.340009580585374,42.50417109510315,40.428500065686066,40.88920974731445,982050,0.0,0.0,BCLIND.NS
2023-01-31 00:00:00+05:30,41.61247524612799,43.19771088656148,40.98333591431529,42.86580276489258,765540,0.0,0.0,BCLIND.NS
2023-02-01 00:00:00+05:30,42.99955969657001,44.11417958039181,39.73000501375944,40.33437728881836,2000030,0.0,0.0,BCLIND.NS
2023-02-02 00:00:00+05:30,40.324470766374674,41.41431979539836,39.63588368157791,40.274932861328125,1057750,0.0,0.0,BCLIND.NS
2023-02-03 00:00:00+05:30,40.334376229193346,40.62170136544352,38.04073762247178,39.685420989990234,1041300,0.0,0.0,BCLIND.NS
2023-02-06 00:00:00+05:30,40.06686810015169,40.369054237960135,38.699603762641274,39.383235931396484,898490,0.0,0.0,BCLIND.NS
2023-02-07 00:00:00+05:30,39.53185319080304,40.52262641584071,37.95652361181315,39.115726470947266,886040,0.0,0.0,BCLIND.NS
2023-02-08 00:00:00+05:30,39.50212707296067,40.106499339582946,38.26366055266908,39.744869232177734,553020,0.0,0.0,BCLIND.NS
2023-02-09 00:00:00+05:30,39.82908162328626,40.02723701036721,38.853169459999755,39.60615539550781,354600,0.0,0.0,BCLIND.NS
2023-02-10 00:00:00+05:30,39.5268963721811,40.616745355694036,39.5268963721811,40.1461296081543,473890,0.0,0.0,BCLIND.NS
2023-02-13 00:00:00+05:30,40.423544766936594,40.52757549672746,39.630926983173076,40.250160217285156,311700,0.0,0.0,BCLIND.NS
2023-02-14 00:00:00+05:30,40.62170123346555,41.71155024256348,39.541758293395866,40.423545837402344,1187210,0.0,0.0,BCLIND.NS
2023-02-15 00:00:00+05:30,41.01801168748139,42.7469098503945,40.03218963955548,42.32087707519531,1718690,0.0,0.0,BCLIND.NS
2023-02-16 00:00:00+05:30,42.90047823598821,42.969832056709805,41.79081332494295,42.053367614746094,894190,0.0,0.0,BCLIND.NS
2023-02-17 00:00:00+05:30,42.00878710787221,42.77167918070881,41.622382367467964,42.56361770629883,2713400,0.0,0.0,BCLIND.NS
2023-02-20 00:00:00+05:30,42.56361691286096,45.773723830417474,42.41004827215915,45.24861145019531,5073770,0.0,0.0,BCLIND.NS
2023-02-21 00:00:00+05:30,45.95701204179427,46.45239862910455,45.09504043813432,45.26842498779297,2136720,0.0,0.0,BCLIND.NS
2023-02-22 00:00:00+05:30,44.98110581790521,44.99596681152425,43.00451051757541,43.39586639404297,1316490,0.0,0.0,BCLIND.NS
2023-02-23 00:00:00+05:30,43.574205857209,44.35691760979811,42.30601734227974,44.02996063232422,1308560,0.0,0.0,BCLIND.NS
2023-02-24 00:00:00+05:30,44.02005505711686,44.787905824711046,43.34137403169813,43.930885314941406,770970,0.0,0.0,BCLIND.NS
2023-02-27 00:00:00+05:30,43.59402108130833,43.7674056365272,41.315243462503545,41.64219665527344,1102570,0.0,0.0,BCLIND.NS
2023-02-28 00:00:00+05:30,41.25579535163553,41.711550115543176,40.3145600578264,40.5275764465332,670370,0.0,0.0,BCLIND.NS
2023-03-01 00:00:00+05:30,40.225390347755805,42.40509214038046,40.21548427875061,41.478721618652344,904750,0.0,0.0,BCLIND.NS
2023-03-02 00:00:00+05:30,41.80071997619584,42.05336820062996,40.72077703627138,41.057640075683594,184630,0.0,0.0,BCLIND.NS
2023-03-03 00:00:00+05:30,40.83967300279357,43.31660603247295,40.83967300279357,42.385276794433594,640060,0.0,0.0,BCLIND.NS
2023-03-06 00:00:00+05:30,42.58343010291227,44.97119327516294,42.58343010291227,44.257835388183594,1669390,0.0,0.0,BCLIND.NS
2023-03-08 00:00:00+05:30,44.23802410713074,45.27833519277833,43.16798725595054,44.16371536254883,2230220,0.0,0.0,BCLIND.NS
2023-03-09 00:00:00+05:30,44.292516201262295,45.080179054091516,43.846667520651565,44.31232833862305,1435370,0.0,0.0,BCLIND.NS
2023-03-10 00:00:00+05:30,43.99033138725955,46.26910898076403,43.35128222269094,43.96060562133789,2526510,0.0,0.0,BCLIND.NS
2023-03-13 00:00:00+05:30,44.35196085365461,44.698733734789755,42.231706850513035,42.57847595214844,1427370,0.0,0.0,BCLIND.NS
2023-03-14 00:00:00+05:30,42.796448584440334,43.10358964074053,41.63724574071032,42.385276794433594,885180,0.0,0.0,BCLIND.NS
2023-03-15 00:00:00+05:30,42.940111424251725,43.23734263378602,41.16662645674724,41.543121337890625,3711960,0.0,0.0,BCLIND.NS
2023-03-16 00:00:00+05:30,41.478719821156815,42.00878330820983,39.86375851930851,41.61247253417969,4235400,0.0,0.0,BCLIND.NS
2023-03-17 00:00:00+05:30,42.236664092897136,42.236664092897136,40.26006876658795,40.76041030883789,2163940,0.0,0.0,BCLIND.NS
2023-03-20 00:00:00+05:30,40.75050431498382,42.999560017557684,39.630929498394195,42.55866622924805,1356330,0.0,0.0,BCLIND.NS
2023-03-21 00:00:00+05:30,42.2118917916921,42.99460352787037,41.23597958360272,41.69173812866211,1096880,0.0,0.0,BCLIND.NS
2023-03-22 00:00:00+05:30,41.69173884079737,42.35555508290755,40.918933160452816,41.22607421875,393890,0.0,0.0,BCLIND.NS
2023-03-23 00:00:00+05:30,40.81985829570306,41.766044775763845,40.74059462224248,41.02791976928711,246000,0.0,0.0,BCLIND.NS
2023-03-24 00:00:00+05:30,40.52757644743428,41.59265839099198,40.269977078980695,40.36905288696289,319810,0.0,0.0,BCLIND.NS
2023-03-27 00:00:00+05:30,40.42354678354999,41.10718272699416,39.888528335506706,40.383914947509766,299950,0.0,0.0,BCLIND.NS
2023-03-28 00:00:00+05:30,41.018012400015174,41.018012400015174,38.14476857962045,38.36769104003906,1634110,0.0,0.0,BCLIND.NS
2023-03-29 00:00:00+05:30,37.98624444462614,39.43277240213751,37.619659420763625,38.72932434082031,1042380,0.0,0.0,BCLIND.NS
2023-03-31 00:00:00+05:30,39.29902063498557,40.94370402718949,38.46181605557005,39.00674057006836,1295550,0.0,0.0,BCLIND.NS
2023-04-03 00:00:00+05:30,39.333698456661836,40.819858319411026,39.31883746275434,40.55234909057617,597810,0.0,0.0,BCLIND.NS
2023-04-05 00:00:00+05:30,40.52262627351453,41.260751265315136,40.12631547309145,40.804996490478516,553680,0.0,0.0,BCLIND.NS
2023-04-06 00:00:00+05:30,40.83967256788418,42.42490817819757,40.398778795656405,42.008785247802734,1105640,0.0,0.0,BCLIND.NS
2023-04-10 00:00:00+05:30,42.40509106122909,42.761770008336114,41.493581555955345,42.09795379638672,422950,0.0,0.0,BCLIND.NS
2023-04-11 00:00:00+05:30,41.89979922414673,42.801402678276055,41.89979922414673,42.479400634765625,251110,0.0,0.0,BCLIND.NS
2023-04-12 00:00:00+05:30,42.211892734399434,42.741956257801,41.81063078831504,42.12767791748047,416620,0.0,0.0,BCLIND.NS
2023-04-13 00:00:00+05:30,42.405090589908156,43.2918330236934,41.6124728159799,42.83112335205078,496040,0.0,0.0,BCLIND.NS
2023-04-17 00:00:00+05:30,42.83112346294076,42.83112346294076,41.671920674225696,42.4100456237793,468800,0.0,0.0,BCLIND.NS
2023-04-18 00:00:00+05:30,42.46454082462107,43.485036032038266,42.162354690084925,42.707279205322266,473590,0.0,0.0,BCLIND.NS
2023-04-19 00:00:00+05:30,43.044142592672934,44.78295066625764,42.68251248093447,43.504852294921875,1819760,0.0,0.0,BCLIND.NS
2023-04-20 00:00:00+05:30,43.693095337157075,44.10922203439175,43.32155539796526,43.62869644165039,232510,0.0,0.0,BCLIND.NS
2023-04-21 00:00:00+05:30,43.65842033081555,44.11417888184797,42.801403616901084,43.0738639831543,307660,0.0,0.0,BCLIND.NS
2023-04-24 00:00:00+05:30,43.17789645642035,43.28687833007219,42.063276642915454,42.147491455078125,191220,0.0,0.0,BCLIND.NS
2023-04-25 00:00:00+05:30,42.02364446343985,43.39586362624235,41.315241503281975,42.77663040161133,527680,0.0,0.0,BCLIND.NS
2023-04-26 00:00:00+05:30,42.98469463930268,42.98469463930268,41.92456759249954,42.12767791748047,204250,0.0,0.0,BCLIND.NS
2023-04-27 00:00:00+05:30,42.088046316305665,42.786543256942586,42.008786423322,42.39518737792969,201900,0.0,0.0,BCLIND.NS
2023-04-28 00:00:00+05:30,42.05832241986613,43.02432476253895,42.05832241986613,42.47444534301758,218590,0.0,0.0,BCLIND.NS
2023-05-02 00:00:00+05:30,42.50417267865355,42.69737315432471,41.87007464264319,42.073184967041016,187280,0.0,0.0,BCLIND.NS
2023-05-03 00:00:00+05:30,42.07814059811298,42.890574350349446,41.478723243078754,41.92456817626953,522240,0.0,0.0,BCLIND.NS
2023-05-04 00:00:00+05:30,42.29610541645548,43.13826488163749,41.82548967083886,42.573524475097656,438150,0.0,0.0,BCLIND.NS
2023-05-05 00:00:00+05:30,42.50417098540017,42.935154900343555,42.22180077993736,42.419952392578125,257720,0.0,0.0,BCLIND.NS
2023-05-08 00:00:00+05:30,42.41995300369363,44.981104586419455,42.41995300369363,42.8509407043457,1085260,0.0,0.0,BCLIND.NS
2023-05-09 00:00:00+05:30,43.073861967631785,43.56429740703876,42.59334015592448,42.94010925292969,210570,0.0,0.0,BCLIND.NS
2023-05-10 00:00:00+05:30,43.12835719503008,43.821899207147126,42.226753713127884,42.603248596191406,262860,0.0,0.0,BCLIND.NS
2023-05-11 00:00:00+05:30,42.87571259597857,44.68387069840121,42.41004797326156,43.49989700317383,1290170,0.0,0.0,BCLIND.NS
2023-05-12 00:00:00+05:30,43.93583784512408,43.95565376224988,42.702322515666275,42.841033935546875,395010,0.0,0.0,BCLIND.NS
2023-05-15 00:00:00+05:30,42.98964894853005,43.98042215786976,42.54380024842721,43.598976135253906,587480,0.0,0.0,BCLIND.NS
2023-05-16 00:00:00+05:30,44.782951266664845,45.08018248318143,43.89125383761511,44.094364166259766,1474770,0.0,0.0,BCLIND.NS
2023-05-17 00:00:00+05:30,44.18848139791539,45.87279652481344,43.82189638719335,45.41704177856445,3136680,0.0,0.0,BCLIND.NS
2023-05-18 00:00:00+05:30,45.753907324030635,46.17003025974297,44.639287458301325,45.45172119140625,1738790,0.0,0.0,BCLIND.NS
2023-05-19 00:00:00+05:30,45.580521452689865,46.10563003151312,45.22879742541204,45.644920349121094,1055240,0.0,0.0,BCLIND.NS
2023-05-22 00:00:00+05:30,45.64492205413458,47.45308394093543,44.68387081895553,44.82258224487305,1467540,0.0,0.0,BCLIND.NS
2023-05-23 00:00:00+05:30,45.080179806680945,45.37741100555032,44.386637822985904,44.79780960083008,440040,0.0,0.0,BCLIND.NS
2023-05-24 00:00:00+05:30,44.4064552666744,45.96692383875531,44.26774762106719,45.5062141418457,1599090,0.0,0.0,BCLIND.NS
2023-05-25 00:00:00+05:30,45.2089815070847,45.773721920390514,45.2089815070847,45.48639678955078,378850,0.0,0.0,BCLIND.NS
2023-05-26 00:00:00+05:30,45.694459073269854,46.3632302295291,45.67959807994185,45.86784362792969,344940,0.0,0.0,BCLIND.NS
2023-05-29 00:00:00+05:30,46.21461679172287,46.5663408274112,43.792176597848375,44.233070373535156,3111100,0.0,0.0,BCLIND.NS
2023-05-30 00:00:00+05:30,44.1884814997533,45.74399506125293,43.84666732902864,44.837440490722656,1286780,0.0,0.0,BCLIND.NS
2023-05-31 00:00:00+05:30,46.3384625824991,46.3384625824991,44.089406986074,44.96128845214844,905080,0.0,0.0,BCLIND.NS
2023-06-01 00:00:00+05:30,45.11981071947342,45.996643305153384,45.08513380997194,45.78858184814453,781460,0.0,0.0,BCLIND.NS
2023-06-02 00:00:00+05:30,46.06599902446941,46.962651343424234,45.62510525140593,45.86784362792969,698540,0.0,0.0,BCLIND.NS
2023-06-05 00:00:00+05:30,46.541568502433364,46.541568502433364,45.63501391741786,45.95701217651367,730670,0.0,0.0,BCLIND.NS
2023-06-06 00:00:00+05:30,46.01150492579312,48.25065441973099,45.60528807487514,46.536617279052734,6048820,0.0,0.0,BCLIND.NS
2023-06-07 00:00:00+05:30,46.75954234682123,47.2896058743638,45.97187944213176,47.10136032104492,4240350,0.0,0.0,BCLIND.NS
2023-06-08 00:00:00+05:30,47.43326677840971,50.331277622026164,47.235111383226574,49.825984954833984,8669020,0.0,0.0,BCLIND.NS
2023-06-09 00:00:00+05:30,50.43035645847252,50.846479380611314,48.75594736258135,49.18198013305664,1859910,0.0,0.0,BCLIND.NS
2023-06-12 00:00:00+05:30,49.67241397603436,49.731861730158684,47.81966910340859,48.57761001586914,828310,0.0,0.0,BCLIND.NS
2023-06-13 00:00:00+05:30,48.944199321531215,49.825986895974395,48.21598038907534,48.63705825805664,893360,0.0,0.0,BCLIND.NS
2023-06-14 00:00:00+05:30,48.84511658894476,48.99868900055529,47.65618802749079,48.01286697387695,785440,0.0,0.0,BCLIND.NS
2023-06-15 00:00:00+05:30,48.15157712235932,50.03404775771695,46.90320452445366,49.1572151184082,1847680,0.0,0.0,BCLIND.NS
2023-06-16 00:00:00+05:30,49.8854284331966,51.51525077868333,48.1515753566575,49.132442474365234,7004880,0.0,0.0,BCLIND.NS
2023-06-19 00:00:00+05:30,49.43958340676809,50.51952632880009,48.443855298318915,50.029090881347656,2285820,0.0,0.0,BCLIND.NS
2023-06-20 00:00:00+05:30,50.22229394001124,52.95683018613749,48.77576592345892,51.86202621459961,3208870,0.0,0.0,BCLIND.NS
2023-06-21 00:00:00+05:30,51.99577738450561,52.79830504178746,50.33127809647648,51.3121452331543,1966910,0.0,0.0,BCLIND.NS
2023-06-22 00:00:00+05:30,51.817439567411824,52.302920116786126,50.62851092646453,51.28242111206055,1281150,0.0,0.0,BCLIND.NS
2023-06-23 00:00:00+05:30,51.52020839661438,51.663870969721856,49.96964963914395,50.33127975463867,687260,0.0,0.0,BCLIND.NS
2023-06-26 00:00:00+05:30,50.94555785408363,51.08426928155814,50.078631274742655,50.38081741333008,401350,0.0,0.0,BCLIND.NS
2023-06-27 00:00:00+05:30,50.86629674917024,51.91651771231978,50.3907260619421,50.945556640625,879650,0.0,0.0,BCLIND.NS
2023-06-28 00:00:00+05:30,51.45580731304097,51.91651700052356,49.94983160104947,50.61860275268555,764460,0.0,0.0,BCLIND.NS
2023-06-30 00:00:00+05:30,51.014913545742814,51.41617548084587,49.64269055220551,49.9845085144043,937970,0.0,0.0,BCLIND.NS
2023-07-03 00:00:00+05:30,50.52943437425083,50.91583532651041,48.66677965670475,48.99869155883789,2420870,0.0,0.0,BCLIND.NS
2023-07-04 00:00:00+05:30,49.09280944881573,49.771490425787384,48.676686534701496,49.063087463378906,504360,0.0,0.0,BCLIND.NS
2023-07-05 00:00:00+05:30,49.09776544114804,49.75167559148354,48.062405498408644,49.07794952392578,1430520,0.0,0.0,BCLIND.NS
2023-07-06 00:00:00+05:30,49.04327310125823,50.51457189901594,48.176346556539016,50.24706268310547,1966110,0.0,0.0,BCLIND.NS
2023-07-07 00:00:00+05:30,50.529432066595106,50.7771253610392,49.563429730063035,50.3411865234375,1092490,0.0,0.0,BCLIND.NS
2023-07-10 00:00:00+05:30,50.806846694908195,50.806846694908195,48.8451162816266,49.11758041381836,504170,0.0,0.0,BCLIND.NS
2023-07-11 00:00:00+05:30,49.32068957837133,49.83589210522714,47.71563802360891,47.938560485839844,1567120,0.0,0.0,BCLIND.NS
2023-07-12 00:00:00+05:30,48.349730353581904,48.85997793577553,45.91738416577058,46.59111022949219,3694590,0.0,0.0,BCLIND.NS
2023-07-13 00:00:00+05:30,46.75458668185707,47.95342514510972,46.75458668185707,47.567020416259766,1076430,0.0,0.0,BCLIND.NS
2023-07-14 00:00:00+05:30,48.0376404929977,48.43890244030214,46.32855440953455,46.51680374145508,2107380,0.0,0.0,BCLIND.NS
2023-07-17 00:00:00+05:30,46.86357034037232,47.571973310449444,46.17498328730081,46.640647888183594,828640,0.0,0.0,BCLIND.NS
2023-07-18 00:00:00+05:30,46.625788907518235,47.041911844095594,45.793539254863646,46.61587905883789,2030260,0.0,0.0,BCLIND.NS
2023-07-19 00:00:00+05:30,46.81403551985446,48.34973328365339,46.81403551985446,47.581886291503906,2473330,0.0,0.0,BCLIND.NS
2023-07-20 00:00:00+05:30,48.29523729482298,48.57760749815379,47.35895694801559,47.75031280517578,1177230,0.0,0.0,BCLIND.NS
2023-07-21 00:00:00+05:30,47.953422621472484,48.02772758512946,47.35895645571888,47.53234100341797,697200,0.0,0.0,BCLIND.NS
2023-07-24 00:00:00+05:30,47.21034441664929,48.557792791724545,47.21034441664929,47.6611442565918,1436710,0.0,0.0,BCLIND.NS
2023-07-25 00:00:00+05:30,49.37022965300414,49.43958347363671,46.80412695109955,47.071632385253906,2585110,0.0,0.0,BCLIND.NS
2023-07-26 00:00:00+05:30,46.962651494788446,47.339142591977584,46.26910949441397,46.556434631347656,1824570,0.0,0.0,BCLIND.NS
2023-07-27 00:00:00+05:30,46.9329244665821,46.93787939074078,42.801402121177034,44.42626953125,6308480,0.0,0.0,BCLIND.NS
2023-07-28 00:00:00+05:30,44.579840779754726,45.387323387499734,44.39655014962853,44.832489013671875,705140,0.0,0.0,BCLIND.NS
2023-07-31 00:00:00+05:30,45.35264314445085,46.125445003792336,45.09008508091847,46.0015983581543,970350,0.0,0.0,BCLIND.NS
2023-08-01 00:00:00+05:30,45.932245727847075,47.2747429477721,45.932245727847075,46.54652404785156,928720,0.0,0.0,BCLIND.NS
2023-08-02 00:00:00+05:30,46.71495918222945,47.06172830000849,44.4857194206501,45.40713882446289,869500,0.0,0.0,BCLIND.NS
2023-08-03 00:00:00+05:30,45.922336724124214,45.922336724124214,44.07454680590846,44.55011749267578,586010,0.0,0.0,BCLIND.NS
2023-08-04 00:00:00+05:30,44.97614812863987,45.29815016209036,44.32719291717019,44.837440490722656,456120,0.0,0.0,BCLIND.NS
2023-08-07 00:00:00+05:30,46.011506218330176,47.50262094813018,45.9718781626028,46.97751235961914,2217790,0.0,0.0,BCLIND.NS
2023-08-08 00:00:00+05:30,47.55711278341036,47.56206770758523,46.40286111814973,46.85861587524414,433140,0.0,0.0,BCLIND.NS
2023-08-09 00:00:00+05:30,47.259882078763745,47.299513913577755,46.43753851412215,46.75954055786133,352110,0.0,0.0,BCLIND.NS
2023-08-10 00:00:00+05:30,46.75954117104352,47.106310281463976,46.00655519720204,46.71495819091797,364340,0.0,0.0,BCLIND.NS
2023-08-11 00:00:00+05:30,46.96265012407529,46.96265012407529,44.78294837773218,45.79848861694336,403340,0.0,0.0,BCLIND.NS
2023-08-14 00:00:00+05:30,44.97614920699984,46.308740350868746,44.06959083523402,45.96196746826172,1192620,0.0,0.0,BCLIND.NS
2023-08-16 00:00:00+05:30,46.2691076789472,46.467263068350555,45.03559614364836,45.58052062988281,1053640,0.0,0.0,BCLIND.NS
2023-08-17 00:00:00+05:30,45.37741244795089,45.971878644085535,45.0801812396335,45.29319763183594,414470,0.0,0.0,BCLIND.NS
2023-08-18 00:00:00+05:30,45.268427855807154,46.26911094209275,44.5897506070738,45.30805969238281,912690,0.0,0.0,BCLIND.NS
2023-08-21 00:00:00+05:30,45.5557514476635,45.5557514476635,44.00023782038257,44.28260803222656,808690,0.0,0.0,BCLIND.NS
2023-08-22 00:00:00+05:30,44.297467194306144,47.160801029599746,44.2776512775135,46.26415252685547,1819060,0.0,0.0,BCLIND.NS
2023-08-23 00:00:00+05:30,47.557114242723316,48.32001007057365,46.27901589037016,46.71990966796875,2800900,0.0,0.0,BCLIND.NS
2023-08-24 00:00:00+05:30,47.358958380056436,47.854344981896986,46.71000314108527,46.97751235961914,1402400,0.0,0.0,BCLIND.NS
2023-08-25 00:00:00+05:30,47.160804697026336,47.329238113112126,45.506215200918675,45.67959976196289,854870,0.0,0.0,BCLIND.NS
2023-08-28 00:00:00+05:30,45.97187827112149,46.2492935593671,45.08018087390368,45.28824234008789,1186600,0.0,0.0,BCLIND.NS
2023-08-29 00:00:00+05:30,47.75527061099484,48.201119321973515,47.16080440318996,47.472900390625,2656770,0.0,0.0,BCLIND.NS
2023-08-30 00:00:00+05:30,47.42336142499672,47.656189954887765,46.9626517305317,47.1409912109375,655730,0.0,0.0,BCLIND.NS
2023-08-31 00:00:00+05:30,47.056771066347956,48.0326832521341,46.96265018442677,47.54225158691406,1707170,0.0,0.0,BCLIND.NS
2023-09-01 00:00:00+05:30,47.89397646989906,49.53865982490594,47.49271453475726,48.87484359741211,2080340,0.0,0.0,BCLIND.NS
2023-09-04 00:00:00+05:30,49.41481326525733,49.58819781906002,48.48348781947442,48.61228561401367,1280410,0.0,0.0,BCLIND.NS
2023-09-05 00:00:00+05:30,49.003641730234115,49.38509153004084,47.839483972206786,48.40422439575195,1839990,0.0,0.0,BCLIND.NS
2023-09-06 00:00:00+05:30,48.40422308888674,49.33554851426379,48.05249906473637,48.75594711303711,1170860,0.0,0.0,BCLIND.NS
2023-09-07 00:00:00+05:30,48.934289091759666,49.73681676649481,48.34973273647108,48.94915008544922,927270,0.0,0.0,BCLIND.NS
2023-09-08 00:00:00+05:30,49.0333661775298,49.34545836756828,48.300192363796896,49.072994232177734,540580,0.0,0.0,BCLIND.NS
2023-09-11 00:00:00+05:30,49.73681590014405,51.12389612650673,49.73681590014405,50.628509521484375,2546000,0.0,0.0,BCLIND.NS
2023-09-12 00:00:00+05:30,51.02481858123993,51.32204977824041,47.75526785523518,47.96332931518555,1945370,0.0,0.0,BCLIND.NS
2023-09-13 00:00:00+05:30,48.82035159606531,48.894656563461254,46.86852715646801,48.622196197509766,834970,0.0,0.0,BCLIND.NS
2023-09-14 00:00:00+05:30,48.34973185735359,55.87961051564217,48.34973185735359,54.90864944458008,11569180,0.0,0.0,BCLIND.NS
2023-09-15 00:00:00+05:30,55.285143123300976,56.275916311100275,53.99713873506184,54.68077087402344,4572990,0.0,0.0,BCLIND.NS
2023-09-18 00:00:00+05:30,55.9786863549022,58.25746398159117,54.987913145080924,55.22570037841797,6594160,0.0,0.0,BCLIND.NS
2023-09-20 00:00:00+05:30,55.0770837400298,56.13721078863345,53.79898537244224,54.18043518066406,1998580,0.0,0.0,BCLIND.NS
2023-09-21 00:00:00+05:30,54.19529507785774,55.082037550011115,53.00636647577223,53.689998626708984,1707270,0.0,0.0,BCLIND.NS
2023-09-22 00:00:00+05:30,54.099998474121094,55.0,53.20000076293945,53.654998779296875,1117730,0.5,0.0,BCLIND.NS
2023-09-25 00:00:00+05:30,53.880001068115234,56.29999923706055,53.79999923706055,55.150001525878906,2192130,0.0,0.0,BCLIND.NS
2023-09-26 00:00:00+05:30,55.099998474121094,55.7400016784668,54.0,54.220001220703125,635060,0.0,0.0,BCLIND.NS
2023-09-27 00:00:00+05:30,54.220001220703125,55.290000915527344,52.71500015258789,54.584999084472656,924820,0.0,0.0,BCLIND.NS
2023-09-28 00:00:00+05:30,55.5,56.20000076293945,53.5,53.915000915527344,1062830,0.0,0.0,BCLIND.NS
2023-09-29 00:00:00+05:30,54.39500045776367,54.845001220703125,52.525001525878906,53.34000015258789,673260,0.0,0.0,BCLIND.NS
2023-10-03 00:00:00+05:30,53.494998931884766,54.20000076293945,50.900001525878906,51.5099983215332,1425330,0.0,0.0,BCLIND.NS
2023-10-04 00:00:00+05:30,51.79999923706055,51.79999923706055,49.220001220703125,49.48500061035156,2326680,0.0,0.0,BCLIND.NS
2023-10-05 00:00:00+05:30,51.29999923706055,52.9900016784668,50.56999969482422,52.4900016784668,2461830,0.0,0.0,BCLIND.NS
2023-10-06 00:00:00+05:30,53.29999923706055,54.66999816894531,53.21500015258789,53.67499923706055,2676620,0.0,0.0,BCLIND.NS
2023-10-09 00:00:00+05:30,53.599998474121094,55.099998474121094,52.25,53.724998474121094,2697990,0.0,0.0,BCLIND.NS
2023-10-10 00:00:00+05:30,54.28499984741211,54.70500183105469,53.099998474121094,53.415000915527344,793260,0.0,0.0,BCLIND.NS
2023-10-11 00:00:00+05:30,53.380001068115234,54.244998931884766,53.04499816894531,53.165000915527344,891070,0.0,0.0,BCLIND.NS
2023-10-12 00:00:00+05:30,53.994998931884766,53.994998931884766,52.380001068115234,53.0099983215332,999230,0.0,0.0,BCLIND.NS
2023-10-13 00:00:00+05:30,53.244998931884766,53.25,52.29999923706055,52.40999984741211,488840,0.0,0.0,BCLIND.NS
2023-10-16 00:00:00+05:30,52.994998931884766,53.20000076293945,51.79999923706055,51.875,721330,0.0,0.0,BCLIND.NS
2023-10-17 00:00:00+05:30,52.400001525878906,52.974998474121094,51.845001220703125,52.0,666700,0.0,0.0,BCLIND.NS
2023-10-18 00:00:00+05:30,52.17499923706055,52.4900016784668,51.70000076293945,52.005001068115234,1341420,0.0,0.0,BCLIND.NS
2023-10-19 00:00:00+05:30,51.599998474121094,52.86000061035156,51.599998474121094,52.165000915527344,1426510,0.0,0.0,BCLIND.NS
2023-10-20 00:00:00+05:30,52.099998474121094,52.599998474121094,52.029998779296875,52.119998931884766,1101970,0.0,0.0,BCLIND.NS
2023-10-23 00:00:00+05:30,52.099998474121094,52.595001220703125,50.0,50.130001068115234,1214010,0.0,0.0,BCLIND.NS
2023-10-25 00:00:00+05:30,50.59000015258789,50.900001525878906,45.1349983215332,48.5099983215332,2007820,0.0,0.0,BCLIND.NS
2023-10-26 00:00:00+05:30,48.20000076293945,51.404998779296875,46.814998626708984,50.90999984741211,1981430,0.0,0.0,BCLIND.NS
2023-10-27 00:00:00+05:30,51.900001525878906,53.70000076293945,49.79999923706055,50.79999923706055,1180473,0.0,10.0,BCLIND.NS
2023-10-30 00:00:00+05:30,50.0,50.70000076293945,48.25,49.849998474121094,535395,0.0,0.0,BCLIND.NS
2023-10-31 00:00:00+05:30,49.900001525878906,50.04999923706055,48.45000076293945,48.599998474121094,334450,0.0,0.0,BCLIND.NS
2023-11-01 00:00:00+05:30,48.70000076293945,49.70000076293945,48.04999923706055,48.400001525878906,316042,0.0,0.0,BCLIND.NS
2023-11-02 00:00:00+05:30,48.79999923706055,49.0,47.099998474121094,47.29999923706055,441199,0.0,0.0,BCLIND.NS
2023-11-03 00:00:00+05:30,48.04999923706055,51.79999923706055,48.04999923706055,49.75,2537663,0.0,0.0,BCLIND.NS
2023-11-06 00:00:00+05:30,50.45000076293945,51.54999923706055,49.95000076293945,50.54999923706055,939049,0.0,0.0,BCLIND.NS
2023-11-07 00:00:00+05:30,50.54999923706055,52.599998474121094,50.400001525878906,51.29999923706055,922397,0.0,0.0,BCLIND.NS
2023-11-08 00:00:00+05:30,51.70000076293945,52.5,51.45000076293945,51.650001525878906,589531,0.0,0.0,BCLIND.NS
2023-11-09 00:00:00+05:30,51.650001525878906,52.150001525878906,51.25,51.75,509896,0.0,0.0,BCLIND.NS
2023-11-10 00:00:00+05:30,51.849998474121094,54.849998474121094,51.099998474121094,52.25,2798226,0.0,0.0,BCLIND.NS
2023-11-13 00:00:00+05:30,51.5,54.54999923706055,50.099998474121094,51.79999923706055,1914653,0.0,0.0,BCLIND.NS
2023-11-15 00:00:00+05:30,53.5,54.79999923706055,53.0,53.70000076293945,1706548,0.0,0.0,BCLIND.NS
2023-11-16 00:00:00+05:30,54.400001525878906,55.70000076293945,53.70000076293945,54.650001525878906,1738578,0.0,0.0,BCLIND.NS
2023-11-17 00:00:00+05:30,56.0,59.400001525878906,55.25,58.5,5180858,0.0,0.0,BCLIND.NS
2023-11-20 00:00:00+05:30,58.95000076293945,60.79999923706055,57.900001525878906,59.5,3086057,0.0,0.0,BCLIND.NS
2023-11-21 00:00:00+05:30,59.75,60.79999923706055,58.0,58.25,1481200,0.0,0.0,BCLIND.NS
2023-11-22 00:00:00+05:30,58.70000076293945,58.95000076293945,56.5,57.150001525878906,977824,0.0,0.0,BCLIND.NS
2023-11-23 00:00:00+05:30,57.54999923706055,57.95000076293945,56.150001525878906,56.400001525878906,764850,0.0,0.0,BCLIND.NS
2023-11-24 00:00:00+05:30,56.849998474121094,58.5,56.75,57.20000076293945,853244,0.0,0.0,BCLIND.NS
2023-11-28 00:00:00+05:30,57.75,58.0,55.45000076293945,55.79999923706055,1214560,0.0,0.0,BCLIND.NS
2023-11-29 00:00:00+05:30,56.400001525878906,56.70000076293945,55.25,55.650001525878906,624954,0.0,0.0,BCLIND.NS
2023-11-30 00:00:00+05:30,55.54999923706055,56.45000076293945,55.150001525878906,55.95000076293945,533279,0.0,0.0,BCLIND.NS
2023-12-01 00:00:00+05:30,56.150001525878906,57.0,53.79999923706055,54.099998474121094,1257162,0.0,0.0,BCLIND.NS
2023-12-04 00:00:00+05:30,55.45000076293945,60.29999923706055,54.400001525878906,59.29999923706055,5255859,0.0,0.0,BCLIND.NS
2023-12-05 00:00:00+05:30,60.29999923706055,62.400001525878906,60.0,61.45000076293945,4625915,0.0,0.0,BCLIND.NS
2023-12-06 00:00:00+05:30,61.54999923706055,73.69999694824219,61.54999923706055,70.05000305175781,10169280,0.0,0.0,BCLIND.NS
2023-12-07 00:00:00+05:30,72.9000015258789,76.30000305175781,69.05000305175781,71.19999694824219,10464682,0.0,0.0,BCLIND.NS
2023-12-08 00:00:00+05:30,74.0,79.0,72.0,73.4000015258789,14718653,0.0,0.0,BCLIND.NS
2023-12-11 00:00:00+05:30,74.5,76.9000015258789,70.0999984741211,70.75,5808786,0.0,0.0,BCLIND.NS
2023-12-12 00:00:00+05:30,73.5999984741211,74.30000305175781,71.44999694824219,72.8499984741211,2716865,0.0,0.0,BCLIND.NS
2023-12-13 00:00:00+05:30,73.4000015258789,73.69999694824219,70.30000305175781,71.1500015258789,1595686,0.0,0.0,BCLIND.NS
2023-12-14 00:00:00+05:30,71.69999694824219,72.3499984741211,70.69999694824219,71.0999984741211,1733307,0.0,0.0,BCLIND.NS
2023-12-15 00:00:00+05:30,71.0,71.5,65.6500015258789,67.05000305175781,2421153,0.0,0.0,BCLIND.NS
2023-12-18 00:00:00+05:30,67.19999694824219,70.5999984741211,67.19999694824219,69.25,1953223,0.0,0.0,BCLIND.NS
2023-12-19 00:00:00+05:30,69.44999694824219,70.1500015258789,67.19999694824219,68.0,965486,0.0,0.0,BCLIND.NS
2023-12-20 00:00:00+05:30,68.0999984741211,69.3499984741211,63.099998474121094,64.55000305175781,1934058,0.0,0.0,BCLIND.NS
2023-12-21 00:00:00+05:30,63.349998474121094,67.5,62.0,66.9000015258789,1490202,0.0,0.0,BCLIND.NS
2023-12-22 00:00:00+05:30,67.5,67.80000305175781,65.5,66.5,900308,0.0,0.0,BCLIND.NS
2023-12-26 00:00:00+05:30,67.0,67.5999984741211,65.75,65.94999694824219,753709,0.0,0.0,BCLIND.NS
2023-12-27 00:00:00+05:30,66.05000305175781,68.5,66.0,66.80000305175781,1096152,0.0,0.0,BCLIND.NS
2023-12-28 00:00:00+05:30,66.94999694824219,67.4000015258789,65.9000015258789,66.0999984741211,597589,0.0,0.0,BCLIND.NS
2023-12-29 00:00:00+05:30,66.05000305175781,67.6500015258789,65.5,66.3499984741211,815225,0.0,0.0,BCLIND.NS
2024-01-01 00:00:00+05:30,66.69999694824219,67.44999694824219,66.0,66.1500015258789,685620,0.0,0.0,BCLIND.NS
2024-01-02 00:00:00+05:30,66.19999694824219,66.80000305175781,64.69999694824219,65.75,849337,0.0,0.0,BCLIND.NS
2024-01-03 00:00:00+05:30,64.80000305175781,65.94999694824219,64.69999694824219,65.1500015258789,1230039,0.0,0.0,BCLIND.NS
2024-01-04 00:00:00+05:30,65.5,68.9000015258789,65.3499984741211,68.19999694824219,2567948,0.0,0.0,BCLIND.NS
2024-01-05 00:00:00+05:30,78.0,78.0,73.69999694824219,75.0,13436421,0.0,0.0,BCLIND.NS
2024-01-08 00:00:00+05:30,75.8499984741211,77.6500015258789,74.44999694824219,76.44999694824219,5119056,0.0,0.0,BCLIND.NS
2024-01-09 00:00:00+05:30,77.0999984741211,77.4000015258789,74.19999694824219,74.94999694824219,2067744,0.0,0.0,BCLIND.NS
2024-01-10 00:00:00+05:30,75.30000305175781,75.30000305175781,72.44999694824219,73.25,1417632,0.0,0.0,BCLIND.NS
2024-01-11 00:00:00+05:30,73.5999984741211,74.5,72.9000015258789,73.05000305175781,812991,0.0,0.0,BCLIND.NS
2024-01-12 00:00:00+05:30,73.19999694824219,74.05000305175781,73.0,73.3499984741211,845878,0.0,0.0,BCLIND.NS
2024-01-15 00:00:00+05:30,73.3499984741211,73.3499984741211,73.3499984741211,73.3499984741211,0,0.0,0.0,BCLIND.NS
2024-01-16 00:00:00+05:30,72.3499984741211,73.5,70.5,71.5,985833,0.0,0.0,BCLIND.NS
2024-01-17 00:00:00+05:30,70.9000015258789,71.75,70.0999984741211,71.0,692292,0.0,0.0,BCLIND.NS
2024-01-18 00:00:00+05:30,70.75,71.4000015258789,68.05000305175781,70.44999694824219,1010148,0.0,0.0,BCLIND.NS
2024-01-19 00:00:00+05:30,70.94999694824219,72.4000015258789,70.5999984741211,71.25,681761,0.0,0.0,BCLIND.NS
2024-01-23 00:00:00+05:30,72.8499984741211,73.5,69.5,70.25,1114161,0.0,0.0,BCLIND.NS
2024-01-24 00:00:00+05:30,67.94999694824219,68.94999694824219,66.5,68.4000015258789,2947984,0.0,0.0,BCLIND.NS
2024-01-25 00:00:00+05:30,68.69999694824219,73.0999984741211,68.55000305175781,72.25,2116645,0.0,0.0,BCLIND.NS
2024-01-29 00:00:00+05:30,73.0,76.9000015258789,72.8499984741211,74.6500015258789,3613720,0.0,0.0,BCLIND.NS
2024-01-30 00:00:00+05:30,75.1500015258789,75.30000305175781,72.5,73.5,1168831,0.0,0.0,BCLIND.NS
2024-01-31 00:00:00+05:30,74.0,74.3499984741211,72.69999694824219,73.1500015258789,909943,0.0,0.0,BCLIND.NS
2024-02-01 00:00:00+05:30,73.44999694824219,75.44999694824219,73.0,74.1500015258789,1479294,0.0,0.0,BCLIND.NS
2024-02-02 00:00:00+05:30,74.69999694824219,75.94999694824219,72.5,73.25,1188637,0.0,0.0,BCLIND.NS
2024-02-05 00:00:00+05:30,73.5,73.8499984741211,70.0,70.6500015258789,1576544,0.0,0.0,BCLIND.NS
2024-02-06 00:00:00+05:30,71.0,73.8499984741211,69.9000015258789,73.0999984741211,1352101,0.0,0.0,BCLIND.NS
2024-02-07 00:00:00+05:30,73.55000305175781,74.19999694824219,72.30000305175781,73.3499984741211,1502514,0.0,0.0,BCLIND.NS
2024-02-08 00:00:00+05:30,75.0,80.6500015258789,74.0,77.0999984741211,10356315,0.0,0.0,BCLIND.NS
2024-02-09 00:00:00+05:30,78.5,79.6500015258789,72.80000305175781,74.3499984741211,3335595,0.0,0.0,BCLIND.NS
2024-02-12 00:00:00+05:30,74.80000305175781,75.8499984741211,68.55000305175781,70.1500015258789,3509698,0.0,0.0,BCLIND.NS
2024-02-13 00:00:00+05:30,72.5,75.1500015258789,69.0999984741211,73.05000305175781,3060746,0.0,0.0,BCLIND.NS
2024-02-14 00:00:00+05:30,72.80000305175781,75.5999984741211,71.05000305175781,74.0999984741211,1601308,0.0,0.0,BCLIND.NS
2024-02-15 00:00:00+05:30,74.6500015258789,84.0,74.5999984741211,83.1500015258789,15012088,0.0,0.0,BCLIND.NS
2024-02-16 00:00:00+05:30,83.80000305175781,86.30000305175781,81.0,82.9000015258789,9047477,0.0,0.0,BCLIND.NS
2024-02-19 00:00:00+05:30,83.9000015258789,84.5999984741211,80.80000305175781,81.19999694824219,1975284,0.0,0.0,BCLIND.NS
2024-02-20 00:00:00+05:30,81.5,83.30000305175781,80.0,81.19999694824219,2124147,0.0,0.0,BCLIND.NS
2024-02-21 00:00:00+05:30,81.8499984741211,84.4000015258789,79.0999984741211,79.44999694824219,2390999,0.0,0.0,BCLIND.NS
2024-02-22 00:00:00+05:30,80.0,81.3499984741211,77.5999984741211,78.4000015258789,1775252,0.0,0.0,BCLIND.NS
2024-02-23 00:00:00+05:30,78.75,80.55000305175781,78.44999694824219,79.1500015258789,1344135,0.0,0.0,BCLIND.NS
2024-02-26 00:00:00+05:30,79.0,79.9000015258789,76.5,77.55000305175781,1617923,0.0,0.0,BCLIND.NS
2024-02-27 00:00:00+05:30,77.0999984741211,81.3499984741211,77.0999984741211,79.05000305175781,2581832,0.0,0.0,BCLIND.NS
2024-02-28 00:00:00+05:30,79.69999694824219,79.80000305175781,74.9000015258789,75.94999694824219,2167550,0.0,0.0,BCLIND.NS
2024-02-29 00:00:00+05:30,76.0,76.94999694824219,73.80000305175781,76.19999694824219,1076745,0.0,0.0,BCLIND.NS
2024-03-01 00:00:00+05:30,76.55000305175781,77.55000305175781,75.19999694824219,75.5999984741211,897907,0.0,0.0,BCLIND.NS
2024-03-04 00:00:00+05:30,74.25,75.75,72.80000305175781,73.05000305175781,1318960,0.0,0.0,BCLIND.NS
2024-03-05 00:00:00+05:30,73.05000305175781,73.69999694824219,71.5999984741211,71.94999694824219,1013889,0.0,0.0,BCLIND.NS
2024-03-06 00:00:00+05:30,72.0,72.1500015258789,69.0,69.6500015258789,1385973,0.0,0.0,BCLIND.NS
2024-03-07 00:00:00+05:30,70.6500015258789,71.25,70.0,70.25,567269,0.0,0.0,BCLIND.NS
2024-03-11 00:00:00+05:30,64.3499984741211,66.25,56.599998474121094,57.95000076293945,8956963,0.0,0.0,BCLIND.NS
2024-03-12 00:00:00+05:30,58.20000076293945,61.75,56.25,59.70000076293945,5854154,0.0,0.0,BCLIND.NS
2024-03-13 00:00:00+05:30,59.70000076293945,60.70000076293945,51.0,53.29999923706055,5723077,0.0,0.0,BCLIND.NS
2024-03-14 00:00:00+05:30,53.29999923706055,58.900001525878906,52.0,58.0,3602535,0.0,0.0,BCLIND.NS
2024-03-15 00:00:00+05:30,58.25,59.45000076293945,56.400001525878906,56.849998474121094,1039470,0.0,0.0,BCLIND.NS
2024-03-18 00:00:00+05:30,57.25,58.400001525878906,56.79999923706055,57.400001525878906,729819,0.0,0.0,BCLIND.NS
2024-03-19 00:00:00+05:30,57.400001525878906,57.75,55.45000076293945,55.900001525878906,558826,0.0,0.0,BCLIND.NS
2024-03-20 00:00:00+05:30,54.54999923706055,57.5,54.54999923706055,55.29999923706055,768554,0.0,0.0,BCLIND.NS
2024-03-21 00:00:00+05:30,56.25,59.29999923706055,56.25,58.29999923706055,1332601,0.0,0.0,BCLIND.NS
2024-03-22 00:00:00+05:30,58.400001525878906,60.349998474121094,58.349998474121094,59.849998474121094,699062,0.0,0.0,BCLIND.NS
2024-03-26 00:00:00+05:30,60.25,60.900001525878906,57.5,57.849998474121094,1056723,0.0,0.0,BCLIND.NS
2024-03-27 00:00:00+05:30,57.849998474121094,59.0,55.849998474121094,56.25,2046339,0.0,0.0,BCLIND.NS
2024-03-28 00:00:00+05:30,56.45000076293945,57.849998474121094,55.599998474121094,56.20000076293945,1463500,0.0,0.0,BCLIND.NS
2024-04-01 00:00:00+05:30,56.95000076293945,60.29999923706055,56.45000076293945,59.849998474121094,1476699,0.0,0.0,BCLIND.NS
2024-04-02 00:00:00+05:30,60.75,64.69999694824219,60.0,63.349998474121094,2277025,0.0,0.0,BCLIND.NS
2024-04-03 00:00:00+05:30,63.349998474121094,64.30000305175781,62.79999923706055,63.599998474121094,1233358,0.0,0.0,BCLIND.NS
2024-04-04 00:00:00+05:30,64.0999984741211,65.19999694824219,62.5,63.29999923706055,1004344,0.0,0.0,BCLIND.NS
2024-04-05 00:00:00+05:30,63.25,63.650001525878906,61.5,62.900001525878906,1449854,0.0,0.0,BCLIND.NS
2024-04-08 00:00:00+05:30,63.5,63.70000076293945,61.0,62.099998474121094,2035738,0.0,0.0,BCLIND.NS
2024-04-09 00:00:00+05:30,62.099998474121094,63.349998474121094,60.599998474121094,61.5,1012978,0.0,0.0,BCLIND.NS
2024-04-10 00:00:00+05:30,61.79999923706055,61.79999923706055,60.0,60.5,865041,0.0,0.0,BCLIND.NS
2024-04-12 00:00:00+05:30,60.5,62.20000076293945,59.650001525878906,60.349998474121094,1379639,0.0,0.0,BCLIND.NS
2024-04-15 00:00:00+05:30,57.04999923706055,58.95000076293945,57.04999923706055,58.150001525878906,882935,0.0,0.0,BCLIND.NS
2024-04-16 00:00:00+05:30,57.5,59.0,57.349998474121094,58.150001525878906,527071,0.0,0.0,BCLIND.NS
2024-04-18 00:00:00+05:30,58.70000076293945,59.95000076293945,57.04999923706055,57.45000076293945,825606,0.0,0.0,BCLIND.NS
2024-04-19 00:00:00+05:30,56.099998474121094,57.75,56.04999923706055,57.29999923706055,876830,0.0,0.0,BCLIND.NS
